event_id,timestamp,src_node,dst_node,edge_type,channel,amount,device_fingerprint,src_label,dst_label,is_fraud_edge
0,1,2214697,2063663,9,wallet,20.76,dev_970140,3,3,0
1,1,1331089,1473514,10,bank_app,31.34,dev_371502,3,3,0
2,1,697749,1958785,9,wallet,19.19,dev_728643,3,2,0
3,1,69746,2298721,10,bank_app,19.1,dev_456651,0,2,0
4,1,1585296,1460109,10,bank_app,36.5,dev_719800,2,3,0
5,1,1474803,1145661,10,bank_app,17.92,dev_419379,0,3,0
6,1,1166209,1596341,10,bank_app,30.07,dev_695292,3,2,0
7,1,1719833,752934,10,bank_app,102.87,dev_665798,2,2,0
8,2,1542726,118549,10,qr_pay,21.02,dev_516122,0,3,0
9,2,1245632,776265,10,qr_pay,70.91,dev_914602,3,3,0
10,2,503132,557776,11,web,43.97,dev_999867,0,2,0
11,2,2137178,2288079,10,qr_pay,6.55,dev_375917,2,2,0
12,2,1692068,1766029,9,bank_app,12.53,dev_072396,3,2,0
13,3,1711365,1705579,9,qr_pay,15.95,dev_760019,2,0,0
14,3,1678669,1613617,9,qr_pay,15.65,dev_459261,2,3,0
15,3,36132,1708939,10,web,22.62,dev_368981,0,2,0
16,3,1964684,1130037,10,web,42.66,dev_254702,2,3,0
17,3,2187152,276636,9,qr_pay,104.55,dev_971259,2,0,0
18,4,2108440,2108284,10,merchant_api,32.37,dev_538759,0,2,0
19,4,1721532,544189,10,merchant_api,16.43,dev_551538,0,3,0
20,4,1665794,1939423,10,merchant_api,3.77,dev_476186,2,3,0
21,4,1007483,1254797,10,merchant_api,26.14,dev_628633,3,3,0
22,4,2035321,482893,9,web,34.58,dev_578437,0,3,0
23,4,1835052,29823,10,merchant_api,28.92,dev_348534,2,2,0
24,5,1227045,354889,10,wallet,163.3,dev_339343,0,2,0
25,5,1988516,2121679,9,merchant_api,103.19,dev_037582,2,0,0
26,5,1813202,2012111,10,wallet,49.73,dev_399020,2,2,0
27,5,1063377,2213518,11,bank_app,11.18,dev_792577,0,0,0
28,5,1779888,2110710,10,wallet,15.46,dev_120727,0,2,0
29,5,653689,464145,9,merchant_api,31.02,dev_503044,0,2,0
30,5,498252,669436,10,wallet,12.21,dev_464873,0,3,0
31,5,726989,1953612,9,merchant_api,53.01,dev_500055,0,2,0
32,5,1718885,2016713,10,wallet,33.83,dev_309719,2,2,0
33,6,1224877,1262560,9,wallet,12.69,dev_436920,2,3,0
34,6,421126,853749,9,wallet,99.2,dev_944773,0,0,0
35,6,1681799,1781278,9,wallet,37.04,dev_941863,0,0,0
36,6,1622482,1003691,9,wallet,7.13,dev_950311,0,3,0
37,6,2010802,1924009,10,bank_app,23.42,dev_597237,2,3,0
38,6,2252577,1189701,10,bank_app,31.6,dev_286589,2,2,0
39,7,1448951,1569953,10,qr_pay,58.88,dev_639693,2,3,0
40,7,2155826,1996427,10,qr_pay,18.11,dev_818748,2,2,0
41,7,2095266,1359521,11,web,55.99,dev_821691,2,0,0
42,7,1816440,144422,11,web,31.45,dev_155413,0,3,0
43,7,2066269,1111954,9,bank_app,10.34,dev_506620,2,0,0
44,8,1445211,1807341,9,qr_pay,9.45,dev_015816,0,2,0
45,8,318626,1823596,10,web,67.38,dev_891067,0,2,0
46,8,1412486,1782490,10,web,71.98,dev_468739,3,3,0
47,8,883400,889517,10,web,32.81,dev_193863,2,2,0
48,8,1387038,1063083,10,web,94.27,dev_534122,2,2,0
49,8,1966864,1351263,10,web,63.49,dev_755491,2,2,0
50,8,847674,1423751,10,web,45.39,dev_618893,0,3,0
51,8,497767,978805,9,qr_pay,14.88,dev_133665,2,3,0
52,9,2081851,1531062,10,merchant_api,116.55,dev_842710,2,2,0
53,9,1258822,1629738,11,wallet,43.06,dev_050204,3,3,0
54,9,1898280,560738,10,merchant_api,17.34,dev_103833,2,2,0
55,9,2032133,1168508,11,wallet,14.56,dev_262510,2,3,0
56,9,2265511,531766,9,web,42.57,dev_019764,2,2,0
57,10,1271713,957440,10,wallet,5.45,dev_266293,0,0,0
58,10,215377,2323922,10,wallet,46.05,dev_271973,3,0,0
59,10,1190207,1799765,10,wallet,10.4,dev_331827,1,0,1
60,10,1761106,7383,10,wallet,34.25,dev_855103,0,3,0
61,10,2048102,353214,10,wallet,15.34,dev_767786,2,0,0
62,11,868673,1818404,11,qr_pay,20.95,dev_110818,3,3,0
63,11,2182927,1423853,10,bank_app,12.41,dev_433380,2,3,0
64,11,1971607,1970548,11,qr_pay,22.99,dev_357278,2,2,0
65,11,2143424,1760032,10,bank_app,134.35,dev_174822,2,3,0
66,11,1052044,450920,10,bank_app,85.33,dev_932385,0,2,0
67,12,1015894,130534,11,web,36.56,dev_807894,3,2,0
68,12,855088,2005395,10,qr_pay,23.98,dev_212553,3,3,0
69,12,1821418,651005,10,qr_pay,52.45,dev_790466,0,2,0
70,12,1984080,1346761,10,qr_pay,67.83,dev_923137,2,2,0
71,13,2108017,2003442,10,web,11.63,dev_725470,0,0,0
72,13,1806515,371960,10,web,22.88,dev_242112,0,2,0
73,13,2275418,1944845,10,web,4.76,dev_580128,2,2,0
74,13,346061,1233812,11,merchant_api,73.02,dev_375316,0,2,0
75,13,1875955,1614707,10,web,157.36,dev_922587,3,3,0
76,13,2069380,1261112,10,web,26.37,dev_468837,2,2,0
77,13,1690098,1206774,10,web,3.62,dev_729956,2,2,0
78,14,1952220,1749684,10,merchant_api,42.44,dev_385884,2,2,0
79,14,1912905,568804,10,merchant_api,10.87,dev_704541,2,2,0
80,14,5936,640540,10,merchant_api,13.5,dev_461064,0,2,0
81,14,486579,556082,10,merchant_api,43.12,dev_634094,3,3,0
82,14,1357403,1789244,10,merchant_api,30.85,dev_896739,0,3,0
83,15,1755618,1698786,10,wallet,15.81,dev_429870,0,2,0
84,15,740388,195418,10,wallet,13.67,dev_229152,2,2,0
85,15,1814618,24391,10,wallet,27.47,dev_991840,3,3,0
86,15,1738890,1093,11,bank_app,18.38,dev_070894,0,2,0
87,15,1759924,210979,10,wallet,9.04,dev_360689,2,3,0
88,15,2020830,1496618,10,wallet,18.19,dev_109751,0,2,0
89,16,590574,922181,10,bank_app,33.3,dev_183492,2,0,0
90,16,1553676,1738540,10,bank_app,20.9,dev_580750,3,2,0
91,16,1227263,1096255,10,bank_app,6.87,dev_573627,0,3,0
92,17,2288751,1966510,10,qr_pay,59.75,dev_207537,2,2,0
93,17,22952,854768,9,bank_app,2.87,dev_830219,3,3,0
94,17,1172167,901475,10,qr_pay,16.42,dev_757066,3,0,0
95,17,1068977,786385,10,qr_pay,14.04,dev_356329,0,3,0
96,18,2291272,23351,9,qr_pay,38.6,dev_955348,0,0,0
97,18,386377,1575620,10,web,40.67,dev_355599,0,2,0
98,18,1689115,698424,11,merchant_api,73.27,dev_935477,3,3,0
99,18,1934928,1318388,9,qr_pay,17.79,dev_911521,2,2,0
100,18,1601528,459433,9,qr_pay,57.28,dev_679501,3,0,0
101,19,1747225,2070080,11,wallet,31.7,dev_391293,2,0,0
102,19,1770026,66037,10,merchant_api,5.26,dev_987855,2,2,0
103,19,1849591,516795,11,wallet,147.01,dev_725640,2,0,0
104,20,1740074,970984,10,wallet,6.72,dev_464208,0,0,0
105,20,1882020,349727,11,bank_app,38.77,dev_453278,2,2,0
106,20,658,898159,9,merchant_api,47.99,dev_707024,0,2,0
107,20,2069062,3687077,9,merchant_api,43.3,dev_207520,0,0,0
108,20,513510,457947,10,wallet,15.72,dev_775591,2,0,0
109,20,1847597,1643023,10,wallet,51.65,dev_082628,0,2,0
110,20,2083363,240282,9,merchant_api,8.3,dev_092656,0,2,0
111,20,1874428,110612,11,bank_app,25.05,dev_229964,0,2,0
112,20,2100264,954828,10,wallet,14.77,dev_064036,2,3,0
113,21,1938952,292561,9,wallet,18.36,dev_401400,0,3,0
114,21,1776553,869693,10,bank_app,36.08,dev_299449,3,3,0
115,21,635187,1291700,10,bank_app,64.7,dev_454886,0,2,0
116,22,1334112,1628525,10,qr_pay,18.01,dev_276760,0,0,0
117,22,1746296,1626811,9,bank_app,68.21,dev_777814,0,0,0
118,22,2022605,770040,9,bank_app,35.33,dev_137731,2,0,0
119,23,2228977,2171922,9,qr_pay,15.13,dev_019628,2,2,0
120,23,940875,1895276,9,qr_pay,26.79,dev_070860,0,3,0
121,23,2331222,1736969,9,qr_pay,25.8,dev_414250,0,0,0
122,23,66665,809974,11,merchant_api,14.2,dev_978180,0,0,0
123,23,378568,1761394,10,web,36.08,dev_543949,0,2,0
124,23,1960830,2098252,9,qr_pay,41.73,dev_876683,0,2,0
125,23,1637548,2044729,10,web,5.86,dev_818483,3,2,0
126,23,2140520,1760538,11,merchant_api,6.01,dev_062958,0,3,0
127,24,1365880,533449,9,web,49.51,dev_704217,3,0,0
128,24,1727261,2087597,10,merchant_api,11.78,dev_947728,2,2,0
129,24,1940658,1943142,9,web,44.34,dev_644122,0,2,0
130,24,1659239,983648,10,merchant_api,49.54,dev_244724,3,3,0
131,25,810300,2232359,10,wallet,7.82,dev_512726,0,2,0
132,25,1664850,1644135,10,wallet,6.89,dev_497330,3,3,0
133,25,549024,32833,10,wallet,110.72,dev_604873,0,0,0
134,26,2019452,1707310,9,wallet,46.36,dev_954752,2,0,0
135,26,1921265,984678,10,bank_app,16.82,dev_557364,0,2,0
136,26,300680,2329807,10,bank_app,10.59,dev_113760,0,3,0
137,26,2242906,1306788,10,bank_app,15.5,dev_358832,0,2,0
138,27,1529354,1498854,11,web,9.1,dev_074934,2,2,0
139,27,1640302,1716045,10,qr_pay,54.33,dev_136690,2,2,0
140,27,1754054,2019729,9,bank_app,16.79,dev_287480,2,2,0
141,28,410597,1443637,10,web,65.64,dev_875575,3,1,1
142,28,1903096,332514,10,web,17.11,dev_947949,0,0,0
143,28,1998611,1951658,9,qr_pay,13.21,dev_986061,2,2,0
144,28,1962473,2145857,11,merchant_api,18.11,dev_189242,2,2,0
145,29,2195299,1093773,10,merchant_api,2.31,dev_766848,0,2,0
146,29,1364697,1822823,10,merchant_api,22.01,dev_139077,0,2,0
147,29,2062058,709251,10,merchant_api,21.05,dev_611326,0,2,0
148,29,1992453,1266155,9,web,70.97,dev_225062,2,2,0
149,29,213376,2147374,10,merchant_api,4.49,dev_091256,0,2,0
150,30,610143,427748,9,merchant_api,96.13,dev_164979,3,0,0
151,30,2175657,1874302,10,wallet,51.34,dev_343367,2,2,0
152,30,1122829,889835,10,wallet,75.7,dev_971298,0,0,0
153,30,1971650,265124,9,merchant_api,32.22,dev_922523,2,2,0
154,31,1989526,1004333,10,bank_app,61.1,dev_134607,0,0,0
155,31,1631191,1934525,10,bank_app,6.53,dev_083067,2,2,0
156,31,1994188,1443926,9,wallet,64.18,dev_891767,2,2,0
157,31,220643,1198734,11,qr_pay,13.28,dev_949240,0,0,0
158,32,2322442,1231728,5,qr_pay,5.55,dev_177307,2,0,0
159,32,998046,2057142,6,web,9.66,dev_779924,0,2,0
160,32,138378,936895,4,bank_app,33.95,dev_422896,0,0,0
161,32,1421175,2246337,5,qr_pay,11.68,dev_229335,0,2,0
162,32,878002,234656,6,web,37.28,dev_183313,0,2,0
163,32,1254961,2137886,4,bank_app,6.64,dev_119762,3,2,0
164,32,2338997,1209690,10,qr_pay,3.62,dev_887988,3,0,0
165,32,474852,2158253,1,web,91.39,dev_802128,0,0,0
166,32,828413,767561,4,bank_app,76.2,dev_093790,0,0,0
167,32,2261068,1249248,11,web,10.34,dev_277925,2,3,0
168,33,914002,1002167,4,qr_pay,33.69,dev_367034,0,3,0
169,33,2343723,103048,5,web,61.41,dev_720163,3,0,0
170,33,2344355,2244002,5,web,35.78,dev_370438,2,2,0
171,33,1979022,2014100,5,web,28.03,dev_841399,0,0,0
172,34,1352095,1210831,4,web,90.53,dev_962661,0,2,0
173,34,1652926,793749,5,merchant_api,12.71,dev_648250,0,0,0
174,34,932935,670982,9,web,34.75,dev_373169,0,0,0
175,34,169752,2348365,4,web,33.25,dev_039710,0,2,0
176,34,1322322,201775,4,web,26.43,dev_499724,0,2,0
177,34,1523827,560383,10,merchant_api,17.27,dev_178817,3,0,0
178,34,893022,1358116,5,merchant_api,26.2,dev_676313,0,0,0
179,34,820314,821209,5,merchant_api,25.3,dev_291358,0,0,0
180,34,2345560,2345600,5,merchant_api,9.55,dev_820363,2,2,0
181,35,306807,2046686,1,bank_app,54.69,dev_719528,0,0,0
182,35,1824985,2348904,10,wallet,10.19,dev_119921,3,2,0
183,35,2351090,2232403,5,wallet,20.16,dev_807249,0,0,0
184,35,303685,291912,6,bank_app,20.37,dev_279732,3,2,0
185,35,1883072,3694008,4,merchant_api,46.63,dev_030996,0,2,0
186,35,695780,628402,9,merchant_api,5.02,dev_008455,2,3,0
187,36,1612416,178258,5,bank_app,54.7,dev_232235,0,0,0
188,36,249310,985790,4,wallet,18.37,dev_120798,0,2,0
189,36,441523,95534,5,bank_app,73.55,dev_319490,0,3,0
190,36,2351094,1970515,5,bank_app,15.95,dev_398700,2,3,0
191,36,1896245,2032140,5,bank_app,23.48,dev_890915,0,0,0
192,36,1037878,182170,4,wallet,189.12,dev_074954,3,2,0
193,36,2229822,710733,5,bank_app,19.11,dev_571716,2,3,0
194,37,511112,1882811,5,qr_pay,74.81,dev_265333,3,3,0
195,37,1914713,430256,6,web,27.53,dev_482362,0,0,0
196,37,2357743,1693122,4,bank_app,49.1,dev_652158,2,3,0
197,37,1729565,2214402,4,bank_app,35.98,dev_435360,3,2,0
198,37,288839,2196780,5,qr_pay,52.62,dev_663942,0,0,0
199,37,571778,574779,1,web,14.34,dev_743021,0,0,0
200,37,2355791,2355804,1,web,10.96,dev_727131,0,0,0
201,38,2360553,779299,4,qr_pay,19.02,dev_360294,2,0,0
202,38,2358491,1351066,4,qr_pay,36.96,dev_010030,2,1,1
203,38,1161014,113070,5,web,20.11,dev_031071,0,3,0
204,38,426620,890361,1,merchant_api,50.36,dev_760279,0,0,0
205,38,407489,331469,1,merchant_api,85.99,dev_693406,0,0,0
206,38,2357966,1979908,5,web,10.19,dev_700347,0,0,0
207,38,2359173,447715,4,qr_pay,17.45,dev_930891,0,0,0
208,38,2140404,2324078,4,qr_pay,9.28,dev_471587,0,2,0
209,39,160642,2330292,5,merchant_api,152.53,dev_572894,3,0,0
210,39,2361721,2181038,5,merchant_api,32.27,dev_622687,2,0,0
211,39,2348969,2349949,5,merchant_api,37.78,dev_972432,0,0,0
212,39,249810,754817,5,merchant_api,7.34,dev_381268,0,0,0
213,39,2364696,1530867,4,web,33.75,dev_348487,0,0,0
214,39,1685966,1918522,5,merchant_api,38.8,dev_604364,3,2,0
215,39,1293713,937736,6,wallet,21.17,dev_163979,2,3,0
216,39,386629,707854,5,merchant_api,64.59,dev_872881,3,0,0
217,39,1669711,2356245,9,web,270.6,dev_977809,0,0,0
218,40,282899,764738,1,bank_app,11.33,dev_775313,1,0,1
219,40,2334850,1226160,10,wallet,9.78,dev_122601,0,3,0
220,40,1998239,866422,4,merchant_api,15.33,dev_275911,0,0,0
221,40,2293311,2314974,4,merchant_api,143.39,dev_349690,2,2,0
222,41,2188363,714098,10,bank_app,62.68,dev_793358,2,0,0
223,41,762439,1337706,5,bank_app,21.72,dev_069258,0,0,0
224,41,1873464,1865932,6,qr_pay,27.46,dev_271384,0,0,0
225,41,2067380,1616675,9,wallet,16.2,dev_578770,0,2,0
226,41,2371217,2361683,5,bank_app,54.65,dev_126374,0,0,0
227,41,1983395,236351,1,qr_pay,18.88,dev_383918,0,3,0
228,41,784707,629126,4,wallet,26.73,dev_937963,2,0,0
229,41,2009978,977562,1,qr_pay,45.97,dev_679929,0,2,0
230,41,491022,2368065,1,qr_pay,22.44,dev_726492,0,0,0
231,42,2372160,1972436,4,bank_app,27.34,dev_175231,0,2,0
232,42,1422244,1331532,5,qr_pay,24.77,dev_681503,0,0,0
233,42,378581,252188,4,bank_app,69.12,dev_122218,0,3,0
234,42,1373369,425800,9,bank_app,148.69,dev_823761,0,3,0
235,42,1109415,915228,5,qr_pay,41.55,dev_631206,0,0,0
236,42,329228,53025,5,qr_pay,50.55,dev_125864,3,2,0
237,42,2346489,1442951,5,qr_pay,20.49,dev_786509,2,3,0
238,42,865894,1176548,5,qr_pay,12.97,dev_497034,0,3,0
239,42,336392,2023714,5,qr_pay,44.19,dev_007604,0,2,0
240,43,1410679,1139339,1,merchant_api,31.0,dev_062346,3,0,0
241,43,552469,1053605,2,wallet,8.0,dev_313402,0,0,0
242,43,2378039,656183,5,web,18.26,dev_120158,2,3,0
243,43,1440270,1038583,5,web,22.77,dev_052624,0,0,0
244,43,2373073,983382,10,web,15.5,dev_560821,2,3,0
245,44,1265930,1466206,5,merchant_api,93.09,dev_542804,3,0,0
246,44,1459553,1215165,10,merchant_api,37.78,dev_609588,0,2,0
247,44,2380807,1435854,4,web,116.26,dev_055966,3,0,0
248,44,195727,31055,5,merchant_api,31.1,dev_697263,0,0,0
249,44,2379267,104445,4,web,36.35,dev_580198,3,0,0
250,44,2380522,2154075,3,qr_pay,13.42,dev_669739,0,2,0
251,45,5220,430631,1,bank_app,26.86,dev_174541,0,3,0
252,45,376465,518430,3,web,31.56,dev_196396,0,3,0
253,45,456922,2194380,9,merchant_api,9.87,dev_883222,0,2,0
254,45,2008632,1470459,5,wallet,15.1,dev_618899,0,3,0
255,45,553500,813173,6,bank_app,19.87,dev_036837,0,0,0
256,45,2383025,1277780,4,merchant_api,49.02,dev_841507,2,3,0
257,45,1764476,2048993,4,merchant_api,51.17,dev_231895,0,2,0
258,45,159487,1204227,5,wallet,14.54,dev_477868,3,3,0
259,45,2383585,2176725,3,web,47.56,dev_640019,2,2,0
260,45,2362310,2383837,1,bank_app,22.56,dev_930662,0,2,0
261,46,279120,1564766,1,qr_pay,2.01,dev_880182,0,2,0
262,46,1640494,474833,1,qr_pay,17.18,dev_109622,2,3,0
263,46,2386286,1623688,1,qr_pay,70.18,dev_998790,0,0,0
264,46,1582858,140994,10,bank_app,5.4,dev_460821,0,2,0
265,46,2387603,657591,6,qr_pay,29.41,dev_002214,2,3,0
266,46,1673822,894927,3,merchant_api,129.9,dev_948637,0,0,0
267,46,1152383,2385981,5,bank_app,12.37,dev_451251,3,2,0
268,46,2286078,505896,5,bank_app,24.58,dev_307258,2,3,0
269,46,2387126,403334,4,wallet,10.45,dev_114808,2,0,0
270,47,1918433,2240832,5,qr_pay,106.11,dev_029640,0,2,0
271,47,997260,465495,5,qr_pay,22.76,dev_735297,0,2,0
272,47,2389802,318636,5,qr_pay,25.58,dev_329549,3,3,0
273,47,2390801,2252383,5,qr_pay,83.0,dev_425420,0,0,0
274,47,1291043,1637071,5,qr_pay,44.49,dev_774171,0,2,0
275,48,1357700,2392875,5,web,11.16,dev_589254,3,2,0
276,48,2371696,1943376,4,qr_pay,18.87,dev_509948,0,2,0
277,48,398302,1179028,5,web,38.3,dev_282615,2,3,0
278,48,1442087,1308062,5,web,13.99,dev_629432,0,0,0
279,48,2392321,2254769,2,wallet,4.28,dev_496886,3,0,0
280,48,1478489,1444852,1,merchant_api,25.33,dev_635168,0,3,0
281,48,2024418,2259417,5,web,6.47,dev_613185,3,2,0
282,49,1923746,666900,5,merchant_api,105.07,dev_786612,2,3,0
283,49,1804324,2354775,4,web,39.61,dev_828240,3,2,0
284,49,2292808,600108,4,web,14.96,dev_348339,3,3,0
285,49,428474,1426966,1,wallet,14.17,dev_768627,0,2,0
286,49,2393276,2246764,10,merchant_api,4.48,dev_043266,2,2,0
287,49,290584,252183,9,web,12.56,dev_346480,2,3,0
288,50,149514,2276541,4,merchant_api,84.33,dev_650104,2,2,0
289,50,2396505,2390363,6,bank_app,198.07,dev_433332,0,0,0
290,50,1160373,711334,5,wallet,47.17,dev_806803,0,2,0
291,50,2399005,3693186,1,bank_app,24.46,dev_049239,0,2,0
292,50,987288,2397971,10,wallet,16.63,dev_667591,3,2,0
293,50,2027678,2007547,5,wallet,10.37,dev_287355,0,0,0
294,50,1692279,1182627,4,merchant_api,215.68,dev_641009,0,0,0
295,51,857319,2111975,6,qr_pay,22.42,dev_834138,0,3,0
296,51,2402560,1952523,1,qr_pay,178.41,dev_367109,0,0,0
297,51,1202486,573059,5,bank_app,85.98,dev_052637,3,0,0
298,51,1131190,1648747,5,bank_app,5.12,dev_116708,0,0,0
299,51,2401603,2037172,6,qr_pay,14.59,dev_110250,0,2,0
300,51,1523310,1564071,1,qr_pay,14.55,dev_490760,0,2,0
301,52,1050541,642153,6,web,24.73,dev_765732,3,0,0
302,52,1884425,1900705,5,qr_pay,23.24,dev_314803,2,3,0
303,52,52175,2295851,5,qr_pay,363.8,dev_476271,0,2,0
304,52,894704,172378,4,bank_app,12.81,dev_048013,0,3,0
305,52,2133369,643480,5,qr_pay,30.15,dev_032802,2,3,0
306,53,909302,2409003,4,qr_pay,58.84,dev_761197,3,0,0
307,53,2034403,1884693,4,qr_pay,33.74,dev_889461,0,0,0
308,53,1205256,154928,5,web,27.09,dev_867927,0,0,0
309,53,1417300,366618,6,merchant_api,10.38,dev_370002,0,0,0
310,53,117486,1768428,4,qr_pay,37.18,dev_438229,3,0,0
311,53,2408272,1495986,5,web,38.87,dev_719947,0,2,0
312,54,233463,1320953,5,merchant_api,32.95,dev_905752,0,2,0
313,54,409489,1606833,3,qr_pay,52.1,dev_430122,3,3,0
314,54,1985741,1519569,5,merchant_api,87.47,dev_351895,0,3,0
315,54,2411690,1877656,5,merchant_api,57.01,dev_713926,0,0,0
316,54,2268643,1981435,9,web,36.02,dev_437367,2,2,0
317,54,1817373,2078576,9,web,11.77,dev_647089,3,2,0
318,55,623742,1682103,4,merchant_api,19.69,dev_469810,3,2,0
319,55,54578,1714039,6,bank_app,21.81,dev_806545,0,3,0
320,55,200503,382002,4,merchant_api,42.4,dev_774015,0,2,0
321,56,1734647,1178023,6,qr_pay,17.28,dev_126623,0,3,0
322,56,324507,393139,4,wallet,14.55,dev_464816,0,3,0
323,56,2417653,655128,4,wallet,11.6,dev_276685,2,0,0
324,56,2417090,28925,5,bank_app,5.55,dev_623102,0,2,0
325,56,1105668,1582653,4,wallet,27.35,dev_914235,0,0,0
326,56,2417747,2051921,5,bank_app,6.54,dev_609441,0,0,0
327,56,353898,2291609,4,wallet,13.73,dev_779540,3,2,0
328,57,2420326,2356932,6,web,18.64,dev_707943,2,2,0
329,57,2417520,349792,4,bank_app,10.15,dev_377777,2,3,0
330,57,1714233,1696885,6,web,37.4,dev_945255,0,3,0
331,57,1866163,1713843,11,web,51.74,dev_782382,3,3,0
332,58,56587,109969,1,merchant_api,16.21,dev_031943,0,0,0
333,58,1002478,1701688,3,bank_app,21.05,dev_653802,0,3,0
334,58,1790858,1179834,1,merchant_api,43.11,dev_505810,3,0,0
335,58,2421821,1216100,4,qr_pay,17.77,dev_230402,1,0,1
336,58,2422640,806589,6,merchant_api,13.14,dev_310993,2,2,0
337,58,498906,1788465,1,merchant_api,78.01,dev_171956,0,0,0
338,58,939648,38088,4,qr_pay,74.87,dev_987932,0,0,0
339,58,2421561,1892246,4,qr_pay,58.06,dev_754464,0,0,0
340,59,2424584,2238393,6,wallet,61.13,dev_204276,2,0,0
341,59,2425748,1493556,5,merchant_api,4.14,dev_475293,2,0,0
342,59,2044307,64833,5,merchant_api,82.97,dev_267798,2,0,0
343,59,1962188,798253,5,merchant_api,34.91,dev_584620,0,0,0
344,59,2426038,2193882,3,qr_pay,77.46,dev_128553,0,2,0
345,59,2424762,736146,5,merchant_api,34.76,dev_121523,2,2,0
346,59,1964944,2356928,5,merchant_api,25.64,dev_613376,0,2,0
347,59,2085818,329475,5,merchant_api,19.15,dev_667444,2,0,0
348,59,527851,2134834,5,merchant_api,34.14,dev_919052,0,0,0
349,59,1171842,2379237,4,web,25.52,dev_477231,0,0,0
350,60,415858,428253,5,wallet,53.58,dev_352907,3,3,0
351,60,344947,301007,3,web,7.48,dev_684781,3,3,0
352,60,99219,864518,5,wallet,15.07,dev_308400,0,3,0
353,60,2411020,2425164,6,bank_app,167.39,dev_009869,3,2,0
354,61,1979395,1307474,4,wallet,19.23,dev_498854,0,2,0
355,61,2026364,1497626,4,wallet,27.25,dev_414140,0,2,0
356,61,848754,1791063,6,qr_pay,12.01,dev_415306,3,2,0
357,61,537131,606148,4,wallet,45.71,dev_811534,0,0,0
358,61,300342,381896,1,qr_pay,13.7,dev_286852,3,2,0
359,62,118380,122353,5,qr_pay,20.76,dev_760441,3,3,0
360,62,1436454,2245867,10,qr_pay,52.67,dev_806159,2,0,0
361,62,1761422,1465465,5,qr_pay,13.08,dev_713701,0,0,0
362,62,2433748,253743,5,qr_pay,49.89,dev_022793,2,2,0
363,62,2015743,220288,6,web,55.7,dev_689095,0,0,0
364,62,2052423,373624,1,web,68.68,dev_785951,0,3,0
365,62,1334035,471888,4,bank_app,38.34,dev_271350,0,0,0
366,62,1687310,1743920,5,qr_pay,453.56,dev_700060,3,3,0
367,62,1492902,514326,4,bank_app,87.28,dev_689215,0,0,0
368,63,1593145,1619349,3,bank_app,41.78,dev_530758,0,2,0
369,63,2436703,2436786,1,merchant_api,12.08,dev_828869,2,2,0
370,63,1962613,1911765,5,web,22.48,dev_960650,0,0,0
371,63,2167386,2434978,10,web,88.56,dev_727559,2,2,0
372,63,1548731,1231043,5,web,114.27,dev_796841,3,0,0
373,64,541851,2438642,1,wallet,100.53,dev_793712,3,0,0
374,64,2393906,2438809,4,web,68.49,dev_032956,2,3,0
375,64,1590126,351596,6,wallet,8.58,dev_818878,3,0,0
376,64,2436581,2047734,10,merchant_api,38.03,dev_036800,2,2,0
377,64,678271,289355,4,web,11.05,dev_312914,0,3,0
378,65,707945,548790,9,merchant_api,8.86,dev_047704,0,2,0
379,65,1576172,2220265,9,merchant_api,41.9,dev_962480,0,2,0
380,65,2440323,2437976,4,merchant_api,54.1,dev_180800,0,0,0
381,65,2157654,663595,4,merchant_api,76.18,dev_027488,3,3,0
382,65,1804540,2066863,4,merchant_api,52.85,dev_444439,0,2,0
383,66,1820239,518380,1,qr_pay,42.88,dev_979000,3,0,0
384,69,984785,367815,5,merchant_api,10.11,dev_394205,3,3,0
385,69,2052999,862761,5,merchant_api,22.32,dev_377736,0,0,0
386,70,2445255,4135,10,wallet,6.32,dev_825098,2,0,0
387,70,727544,316332,5,wallet,4.04,dev_934653,0,0,0
388,70,2446523,1580393,4,merchant_api,65.8,dev_912990,2,0,0
389,71,918068,1084625,5,bank_app,12.46,dev_287880,0,2,0
390,71,2446190,1586359,9,wallet,74.09,dev_306392,2,3,0
391,71,1968898,2393011,4,wallet,91.61,dev_378869,0,2,0
392,71,623253,2031959,1,qr_pay,15.22,dev_704703,0,3,0
393,71,202718,996534,1,qr_pay,45.21,dev_382004,0,0,0
394,72,1081670,61060,4,bank_app,18.63,dev_589396,0,0,0
395,72,1123668,686874,4,bank_app,6.42,dev_068770,0,0,0
396,72,748541,227068,5,qr_pay,27.41,dev_998926,0,0,0
397,73,1833250,1598776,4,qr_pay,22.11,dev_082353,0,2,0
398,73,69598,123758,1,merchant_api,17.88,dev_095891,0,0,0
399,73,2437303,327032,5,web,145.16,dev_864299,2,0,0
400,73,227950,227949,1,merchant_api,6.73,dev_024307,0,0,0
401,73,2450386,2257072,4,qr_pay,47.68,dev_967857,0,0,0
402,73,367964,737876,5,web,10.02,dev_574054,0,3,0
403,74,2356992,2358861,6,wallet,60.19,dev_882889,2,2,0
404,74,2424328,1144133,5,merchant_api,32.09,dev_763833,2,2,0
405,74,330693,1245677,1,wallet,37.39,dev_176127,0,2,0
406,75,2454349,2348004,1,bank_app,11.35,dev_789797,3,2,0
407,75,1485871,2093875,5,wallet,12.32,dev_372692,0,2,0
408,75,2452382,1674660,1,bank_app,61.22,dev_693462,0,0,0
409,75,276856,2297824,5,wallet,120.75,dev_618938,2,2,0
410,76,1575634,1841011,3,merchant_api,48.05,dev_025651,3,3,0
411,76,2172098,1220510,5,bank_app,10.94,dev_963638,0,0,0
412,76,2048599,1174732,5,bank_app,33.28,dev_014326,0,3,0
413,76,1699134,2452090,5,bank_app,218.05,dev_872117,3,2,0
414,76,446003,1287109,3,merchant_api,34.2,dev_825499,3,0,0
415,76,2457153,757480,6,qr_pay,99.05,dev_836005,2,3,0
416,76,614106,1614198,3,merchant_api,16.02,dev_085530,0,2,0
417,76,2455594,86691,1,qr_pay,25.59,dev_107963,2,2,0
418,77,1101524,1473898,5,qr_pay,42.85,dev_439778,0,0,0
419,77,2061293,1254596,3,wallet,44.59,dev_683384,0,0,0
420,77,2456523,1516182,10,qr_pay,12.31,dev_241790,2,2,0
421,77,1674223,365739,5,qr_pay,11.84,dev_936636,3,0,0
422,77,410977,1778497,6,web,64.68,dev_805171,0,0,0
423,77,1081372,1794987,5,qr_pay,71.69,dev_451363,0,0,0
424,77,1921403,665286,6,web,103.64,dev_343807,0,0,0
425,77,2072082,1281386,5,qr_pay,124.4,dev_383986,0,3,0
426,77,1395757,1720553,4,bank_app,38.14,dev_370846,0,3,0
427,77,2306615,2457431,9,bank_app,25.53,dev_340392,2,2,0
428,77,2457875,1416299,4,bank_app,113.97,dev_314209,0,0,0
429,78,2460953,2188309,5,web,46.61,dev_080973,0,2,0
430,78,2461022,1074155,4,qr_pay,13.95,dev_521296,0,2,0
431,78,375252,1638742,5,web,9.68,dev_694849,2,0,0
432,78,10880,550258,5,web,38.2,dev_332803,3,0,0
433,78,2460936,1640517,4,qr_pay,28.8,dev_774702,3,3,0
434,78,14382,2461029,5,web,23.96,dev_520082,0,0,0
435,78,222296,479442,5,web,64.41,dev_675199,0,0,0
436,79,1095510,2462569,4,web,66.9,dev_968011,0,0,0
437,79,197724,86626,6,wallet,87.96,dev_513855,0,0,0
438,80,2124720,2040940,4,merchant_api,5.94,dev_954720,2,2,0
439,80,1433921,2441508,5,wallet,30.82,dev_808062,2,0,0
440,81,2022231,1477073,4,wallet,63.13,dev_173399,0,2,0
441,81,2050455,2092651,1,qr_pay,6.73,dev_120726,0,0,0
442,81,690191,1075589,5,bank_app,13.61,dev_402632,0,0,0
443,81,790373,1803158,5,bank_app,11.51,dev_667100,3,0,0
444,81,530262,2466503,1,qr_pay,27.1,dev_694521,0,2,0
445,82,764905,2469938,10,qr_pay,106.17,dev_967064,0,2,0
446,82,971679,1629703,5,qr_pay,151.46,dev_141334,0,0,0
447,82,2081794,393691,1,web,12.77,dev_187110,2,1,1
448,83,2472950,1218870,5,web,39.41,dev_607372,0,3,0
449,83,247336,1553081,4,qr_pay,55.86,dev_904855,3,0,0
450,83,603527,2122318,5,web,34.77,dev_854503,0,0,0
451,83,2468988,1681200,10,web,35.13,dev_425875,3,3,0
452,83,1052103,1885890,4,qr_pay,44.41,dev_599121,0,3,0
453,83,194576,2471324,6,merchant_api,121.37,dev_824051,3,0,0
454,83,2471984,2099475,6,merchant_api,71.68,dev_729763,0,2,0
455,84,2475682,1110031,5,merchant_api,9.45,dev_875365,2,2,0
456,84,1013475,826599,4,web,69.14,dev_930119,0,0,0
457,84,2471342,1548583,10,merchant_api,54.77,dev_773091,2,2,0
458,84,2475660,1494344,5,merchant_api,32.57,dev_860003,2,0,0
459,84,96558,772723,4,web,93.53,dev_090733,0,3,0
460,84,2474199,1996932,5,merchant_api,29.06,dev_290310,2,0,0
461,84,1180885,717459,5,merchant_api,29.38,dev_384565,0,3,0
462,84,695613,705022,5,merchant_api,27.36,dev_735004,0,3,0
463,85,2478227,2212929,4,merchant_api,5.49,dev_931582,3,0,0
464,85,454004,408441,5,wallet,22.82,dev_799523,0,0,0
465,86,2196558,961389,4,wallet,18.51,dev_928959,0,2,0
466,86,1417141,2464794,1,qr_pay,9.14,dev_496963,0,0,0
467,86,2439488,2478948,1,qr_pay,96.6,dev_237996,0,0,0
468,86,1414623,607969,3,merchant_api,49.1,dev_530803,3,2,0
469,87,2050053,2037408,1,web,25.87,dev_465643,0,0,0
470,87,2480932,1875356,5,qr_pay,14.76,dev_977713,0,2,0
471,87,739071,1540459,3,wallet,40.71,dev_603454,0,2,0
472,87,2293262,1548478,4,bank_app,82.46,dev_532830,0,2,0
473,87,1027458,2139847,11,web,12.63,dev_793497,3,2,0
474,87,1088681,1255928,5,qr_pay,24.43,dev_764333,0,0,0
475,87,961397,481663,5,qr_pay,53.58,dev_173303,0,3,0
476,88,669184,2299392,1,merchant_api,4.65,dev_331925,0,0,0
477,88,1030379,861701,4,qr_pay,32.08,dev_569533,0,0,0
478,88,912867,1673126,4,qr_pay,22.96,dev_435191,0,0,0
479,88,2484193,2144377,1,merchant_api,23.56,dev_051859,0,2,0
480,88,2087041,1464354,6,merchant_api,16.92,dev_929244,0,0,0
481,88,2484034,2177422,5,web,27.77,dev_853401,2,2,0
482,88,1833770,1760664,5,web,138.55,dev_780863,3,0,0
483,88,1084698,1596964,4,qr_pay,25.24,dev_466756,0,3,0
484,88,1835218,2088157,5,web,31.9,dev_647411,2,3,0
485,89,2045042,2012522,1,wallet,160.02,dev_848356,0,0,0
486,89,2484900,2303292,5,merchant_api,14.95,dev_441454,0,0,0
487,89,1960436,1861032,10,merchant_api,125.61,dev_236337,3,2,0
488,89,1612865,2477257,5,merchant_api,24.65,dev_319085,2,2,0
489,89,2089324,1051545,4,web,167.96,dev_960957,2,0,0
490,90,1405776,743540,4,merchant_api,66.37,dev_067081,0,0,0
491,90,195344,624905,3,web,41.12,dev_524580,0,3,0
492,91,224780,1265258,1,qr_pay,25.05,dev_157697,0,3,0
493,91,2072396,771752,6,qr_pay,15.16,dev_991508,0,2,0
494,91,2489166,389812,5,bank_app,26.26,dev_636263,2,0,0
495,91,2489357,2274230,5,bank_app,55.02,dev_567061,2,2,0
496,91,903759,2219671,5,bank_app,24.24,dev_099457,2,2,0
497,92,145318,1017558,5,qr_pay,18.45,dev_425504,0,0,0
498,92,248768,470109,6,web,21.21,dev_345806,3,3,0
499,92,1802407,1858915,4,bank_app,82.54,dev_980077,0,0,0
500,92,1097991,1018870,5,qr_pay,73.9,dev_764960,3,0,0
501,92,830997,1467552,5,qr_pay,13.46,dev_834223,0,3,0
502,92,2447379,2453457,1,web,14.56,dev_188166,0,0,0
503,92,2089922,2197882,1,web,37.39,dev_450641,0,0,0
504,93,1061345,18189,6,merchant_api,105.09,dev_690339,3,2,0
505,93,2493545,2340367,4,qr_pay,94.76,dev_636879,0,0,0
506,93,665282,863172,5,web,7.95,dev_993354,3,3,0
507,93,1994304,1752932,5,web,19.34,dev_668506,0,0,0
508,93,2457153,2494214,4,qr_pay,14.62,dev_675364,2,2,0
509,93,287538,2186041,5,web,19.28,dev_170135,3,2,0
510,93,1866223,1183196,5,web,103.96,dev_404759,3,2,0
511,94,194936,1614421,6,wallet,7.39,dev_864604,0,3,0
512,94,297136,1042076,4,web,7.87,dev_376736,0,3,0
513,94,318784,1151606,5,merchant_api,11.64,dev_457427,0,3,0
514,94,802615,1014073,5,merchant_api,31.77,dev_114238,3,0,0
515,95,409234,82111,6,bank_app,46.46,dev_749345,0,0,0
516,95,1791212,226612,4,merchant_api,50.08,dev_978601,2,3,0
517,95,2499179,2261328,6,bank_app,76.56,dev_014694,2,2,0
518,95,2092850,1068942,1,bank_app,5.44,dev_153213,0,0,0
519,95,2497984,2187295,3,web,90.88,dev_008185,0,0,0
520,95,1409984,616796,11,bank_app,20.07,dev_485594,0,0,0
521,95,2479263,2015304,4,merchant_api,65.26,dev_491307,0,0,0
522,96,2115364,875428,4,wallet,10.27,dev_392332,0,3,0
523,96,2498918,799918,10,bank_app,24.64,dev_543260,2,2,0
524,96,2343367,725343,4,wallet,41.79,dev_592674,0,3,0
525,97,2502750,753877,5,qr_pay,69.42,dev_612989,2,0,0
526,97,1408793,135947,1,web,6.38,dev_202385,0,0,0
527,97,2501938,1581586,5,qr_pay,25.22,dev_621835,2,3,0
528,97,1628260,58476,9,bank_app,12.72,dev_687876,0,3,0
529,97,381457,707356,5,qr_pay,38.67,dev_771982,2,3,0
530,97,1345811,2471338,5,qr_pay,49.38,dev_920698,0,2,0
531,97,1180017,618822,3,wallet,99.33,dev_171603,0,0,0
532,98,2421832,1020134,4,qr_pay,20.87,dev_042681,2,3,0
533,98,2504991,1272332,4,qr_pay,77.83,dev_619038,3,3,0
534,98,2505043,1251791,1,merchant_api,90.45,dev_064015,2,3,0
535,99,2197260,2236436,4,web,7.7,dev_939373,0,3,0
536,99,2175561,374739,5,merchant_api,42.57,dev_398959,0,0,0
537,99,2507798,40990,2,bank_app,68.21,dev_163906,2,0,0
538,99,489620,2507661,10,merchant_api,19.44,dev_786847,3,0,0
539,100,955305,472323,5,wallet,8.25,dev_117433,2,3,0
540,100,2510537,2371431,6,bank_app,62.09,dev_786206,1,0,1
541,100,2510064,1077006,5,wallet,8.33,dev_083466,0,2,0
542,100,1979523,1905251,10,wallet,20.89,dev_890564,0,2,0
543,100,2509548,1802619,4,merchant_api,32.59,dev_966106,2,2,0
544,101,2343664,2512032,10,bank_app,46.71,dev_797271,0,2,0
545,101,650060,2401223,5,bank_app,13.96,dev_995905,0,3,0
546,101,2083877,403981,5,bank_app,13.25,dev_012555,0,0,0
547,101,2468713,1468152,9,wallet,36.93,dev_487547,2,0,0
548,101,451883,483903,6,qr_pay,65.74,dev_525696,0,0,0
549,101,2100933,1724483,6,qr_pay,208.24,dev_671636,0,0,0
550,102,1809530,1637953,5,qr_pay,6.32,dev_349959,0,3,0
551,102,1938291,841817,5,qr_pay,32.58,dev_266951,2,0,0
552,102,1137171,706598,4,bank_app,12.71,dev_734820,0,0,0
553,102,2464569,2513758,1,web,66.48,dev_012157,0,2,0
554,103,617607,479842,4,qr_pay,14.52,dev_475564,3,0,0
555,104,2510804,3688215,5,merchant_api,13.37,dev_105157,2,2,0
556,104,2518915,1110200,5,merchant_api,14.44,dev_508787,2,3,0
557,104,2011959,55823,1,wallet,24.81,dev_790572,0,3,0
558,104,2517948,202418,6,wallet,35.55,dev_336203,0,0,0
559,105,1263395,2521119,4,merchant_api,52.21,dev_304709,0,2,0
560,105,2261783,1766582,9,merchant_api,33.61,dev_856445,0,3,0
561,105,1883615,467139,4,merchant_api,10.21,dev_881863,0,3,0
562,105,2128233,957425,1,bank_app,51.16,dev_047649,0,3,0
563,105,408828,398548,5,wallet,23.39,dev_269612,2,2,0
564,105,1917380,1917424,4,merchant_api,96.12,dev_602741,0,3,0
565,106,2046786,2521364,10,bank_app,12.98,dev_713449,2,2,0
566,106,2521260,1401306,5,bank_app,5.8,dev_808194,0,3,0
567,106,162733,2281115,5,bank_app,23.79,dev_910857,0,2,0
568,106,2522905,2278645,1,qr_pay,85.32,dev_270692,0,3,0
569,106,1205734,2076181,6,qr_pay,30.72,dev_257592,3,2,0
570,107,1006937,1886847,4,bank_app,28.23,dev_874085,0,0,0
571,107,998878,306169,1,web,12.14,dev_938863,0,0,0
572,107,343732,334035,10,qr_pay,119.34,dev_731285,0,3,0
573,107,1796282,2060368,4,bank_app,13.37,dev_829447,0,0,0
574,107,1893879,1383184,6,web,13.83,dev_359457,0,2,0
575,108,2526585,1289912,4,qr_pay,56.43,dev_021492,0,0,0
576,108,1830396,2526791,1,merchant_api,5.0,dev_200671,0,0,0
577,108,2527204,574982,4,qr_pay,106.39,dev_558134,2,0,0
578,108,1898441,1365310,4,qr_pay,59.25,dev_782022,2,2,0
579,108,2444406,500937,4,qr_pay,75.89,dev_035655,0,3,0
580,109,120021,896832,4,web,55.83,dev_270241,3,2,0
581,109,2529134,1696457,4,web,29.22,dev_534314,0,0,0
582,109,2526083,1743110,5,merchant_api,9.42,dev_268861,0,0,0
583,109,1190390,1991988,1,wallet,23.43,dev_744982,0,2,0
584,109,2081595,2063349,3,qr_pay,12.97,dev_494236,0,0,0
585,109,1219940,1987565,1,wallet,41.16,dev_553751,0,0,0
586,109,875518,2528591,3,qr_pay,64.46,dev_145652,0,2,0
587,110,2531320,765994,4,merchant_api,127.63,dev_630449,0,3,0
588,110,2023616,1308828,3,web,43.58,dev_997639,2,0,0
589,110,2481214,2519753,6,bank_app,61.08,dev_973055,2,0,0
590,110,2108176,2110234,5,wallet,18.78,dev_873131,0,0,0
591,110,1482301,1490692,4,merchant_api,21.97,dev_788378,2,3,0
592,110,1553280,1496049,5,wallet,37.57,dev_178129,3,3,0
593,110,1045261,386592,3,web,22.02,dev_939360,3,0,0
594,110,2531969,1211945,5,wallet,31.26,dev_007179,2,2,0
595,110,2532227,1209333,4,merchant_api,13.0,dev_950352,0,0,0
596,111,519554,642507,4,wallet,15.28,dev_388474,0,0,0
597,111,106145,1869414,4,wallet,59.85,dev_198320,3,2,0
598,111,1107511,1548421,3,merchant_api,69.27,dev_537718,0,2,0
599,111,2533814,2533930,5,bank_app,10.1,dev_006513,0,0,0
600,111,1506297,2534071,6,qr_pay,48.6,dev_416230,0,3,0
601,111,2130528,2533008,1,qr_pay,16.45,dev_676454,0,3,0
602,111,162505,2534429,5,bank_app,24.9,dev_309679,3,2,0
603,112,442313,2332874,5,qr_pay,87.82,dev_034907,3,2,0
604,112,1303626,1111918,5,qr_pay,50.74,dev_936227,3,2,0
605,112,2535318,2522320,6,web,54.4,dev_902092,2,2,0
606,112,2281722,2425696,6,web,148.1,dev_997291,2,2,0
607,112,1313678,674448,4,bank_app,17.93,dev_754613,3,3,0
608,113,1554030,2538508,5,web,10.1,dev_731542,0,0,0
609,113,1930400,772588,10,web,12.81,dev_317549,2,3,0
610,113,2537140,2178326,5,web,19.51,dev_230023,3,0,0
611,113,2248937,2384920,1,merchant_api,3.19,dev_573108,3,0,0
612,114,2540272,2032557,1,wallet,22.05,dev_913851,0,0,0
613,114,1550157,2540221,1,wallet,16.28,dev_025202,0,2,0
614,114,27023,1941684,1,wallet,53.81,dev_688843,0,0,0
615,114,290761,2377686,1,wallet,36.5,dev_009503,3,2,0
616,114,2149734,604721,6,wallet,15.48,dev_744175,0,3,0
617,114,1985710,2512000,6,wallet,45.19,dev_048774,2,2,0
618,115,2530286,1240578,9,merchant_api,64.78,dev_338930,0,0,0
619,115,2541056,2286880,6,bank_app,13.31,dev_965373,3,3,0
620,115,2542799,39233,6,bank_app,17.05,dev_709576,0,0,0
621,115,473117,1771974,6,bank_app,3.59,dev_889616,0,0,0
622,115,1484538,1852839,5,wallet,9.19,dev_909275,3,0,0
623,116,1050216,2000320,5,bank_app,12.58,dev_018463,3,0,0
624,116,2115274,2375519,5,bank_app,26.23,dev_100104,0,2,0
625,116,2150383,2544935,1,qr_pay,11.35,dev_419734,2,2,0
626,116,2541249,1568094,9,wallet,21.28,dev_009327,2,0,0
627,116,2544430,1906607,5,bank_app,8.14,dev_005219,0,2,0
628,116,1927490,1139560,5,bank_app,28.62,dev_003328,0,3,0
629,116,512456,2533595,10,bank_app,35.99,dev_607634,3,0,0
630,117,1739168,622914,6,web,38.17,dev_424546,3,0,0
631,117,2544356,1881043,10,qr_pay,24.81,dev_707488,0,2,0
632,118,2545643,422218,10,web,6.13,dev_198178,2,2,0
633,118,634452,186746,5,web,14.04,dev_982163,0,0,0
634,118,1217208,412701,4,qr_pay,23.42,dev_987207,0,0,0
635,118,1451994,2549215,4,qr_pay,23.5,dev_639375,0,0,0
636,118,714849,1997458,4,qr_pay,36.14,dev_346307,0,0,0
637,118,2493834,1733990,5,web,88.5,dev_310782,2,3,0
638,118,1414050,1591276,5,web,50.95,dev_380524,0,0,0
639,119,2197459,2131559,5,merchant_api,10.09,dev_371327,0,2,0
640,119,862178,150392,4,web,62.21,dev_714281,0,3,0
641,119,551021,1277158,6,wallet,47.29,dev_667788,0,3,0
642,120,2553701,1931827,5,wallet,11.88,dev_556739,0,0,0
643,120,119207,1767546,1,bank_app,57.05,dev_879671,3,3,0
644,120,188913,611764,1,bank_app,23.0,dev_041347,0,3,0
645,120,192459,981964,4,merchant_api,9.5,dev_951297,3,0,0
646,120,229772,347236,1,bank_app,40.03,dev_906287,0,0,0
647,120,680514,2553226,4,merchant_api,41.07,dev_138318,0,2,0
648,121,647057,1639060,3,merchant_api,25.41,dev_250512,0,0,0
649,121,1318879,1626316,5,bank_app,23.72,dev_948235,0,3,0
650,121,850178,1989106,5,bank_app,12.84,dev_788190,0,2,0
651,121,931875,2554700,11,qr_pay,46.02,dev_469870,0,2,0
652,121,1190802,2279146,5,bank_app,23.59,dev_307547,3,2,0
653,121,2054747,1252216,4,wallet,39.24,dev_435726,0,0,0
654,122,773761,361824,5,qr_pay,33.83,dev_818770,0,0,0
655,122,2442339,838329,4,bank_app,11.95,dev_495740,0,2,0
656,122,934770,1535302,4,bank_app,15.11,dev_130399,0,2,0
657,123,1727085,2070625,4,qr_pay,4.62,dev_450504,3,2,0
658,123,1143703,2561492,5,web,40.78,dev_362346,0,0,0
659,123,2560331,196040,2,wallet,9.67,dev_207558,2,0,0
660,123,2559880,2341254,5,web,27.64,dev_454585,0,0,0
661,123,2559466,1705791,4,qr_pay,47.18,dev_968699,2,3,0
662,124,2466041,1036463,6,wallet,45.7,dev_772987,2,0,0
663,124,465135,1010766,4,web,11.43,dev_686603,3,0,0
664,124,1370076,2562463,10,merchant_api,23.14,dev_432526,0,2,0
665,124,2561735,1329251,5,merchant_api,110.31,dev_916580,2,2,0
666,124,730772,2134265,1,wallet,124.32,dev_166788,0,0,0
667,124,78156,695502,5,merchant_api,59.66,dev_932211,0,2,0
668,124,2318016,1054753,9,web,45.78,dev_912861,2,0,0
669,124,1918344,606945,6,wallet,10.76,dev_525083,3,2,0
670,124,2562882,1209421,5,merchant_api,46.84,dev_615755,2,0,0
671,125,1607086,1855024,5,wallet,21.28,dev_486255,0,0,0
672,125,2564749,318874,1,bank_app,44.01,dev_716406,0,3,0
673,125,1629899,472956,5,wallet,13.88,dev_607276,0,3,0
674,126,1251508,730162,5,bank_app,21.0,dev_868801,0,0,0
675,126,1237439,2386857,2,web,33.37,dev_722695,3,0,0
676,126,1333856,23386,3,merchant_api,38.93,dev_966073,2,2,0
677,126,1700477,2276229,5,bank_app,38.26,dev_950523,3,0,0
678,126,1445594,2473984,4,wallet,20.06,dev_215019,3,0,0
679,127,2561561,2570297,1,web,7.93,dev_487330,0,2,0
680,127,1523896,1054663,5,qr_pay,105.88,dev_011263,2,3,0
681,127,2571115,1786825,1,web,249.72,dev_297831,0,0,0
682,127,1615663,543876,3,wallet,46.65,dev_403103,0,2,0
683,128,40129,935828,6,merchant_api,8.07,dev_847177,0,0,0
684,128,2188855,1645147,1,merchant_api,13.25,dev_051384,0,0,0
685,128,2443900,716997,5,web,38.79,dev_508245,2,3,0
686,128,2104112,1013327,1,merchant_api,88.85,dev_826109,3,2,0
687,128,2430626,2574060,6,merchant_api,8.92,dev_207376,0,2,0
688,128,2555471,148591,4,qr_pay,30.21,dev_605261,2,0,0
689,129,2010522,1398378,4,web,40.3,dev_264949,0,3,0
690,129,1555640,1105167,4,web,73.56,dev_867758,3,2,0
691,129,2575190,2441197,5,merchant_api,18.01,dev_501947,2,3,0
692,129,1366590,1658680,6,wallet,6.5,dev_131345,3,2,0
693,129,82744,519185,3,qr_pay,54.55,dev_720245,3,2,0
694,130,2572323,61169,5,wallet,67.51,dev_919178,2,0,0
695,130,1154060,1046646,1,bank_app,24.67,dev_276960,1,2,1
696,130,685300,175996,5,wallet,35.33,dev_523813,0,3,0
697,130,635879,367171,5,wallet,16.01,dev_674865,0,0,0
698,130,2455578,1840209,1,bank_app,12.41,dev_384957,2,3,0
699,130,568917,2129398,4,merchant_api,85.1,dev_682584,0,2,0
700,130,72931,1026046,1,bank_app,37.67,dev_584493,3,2,0
701,130,176831,33790,1,bank_app,41.32,dev_069899,0,0,0
702,130,2540851,1614594,4,merchant_api,130.57,dev_456699,0,3,0
703,131,2581971,1714054,1,qr_pay,10.28,dev_167414,2,0,0
704,131,2580211,2244773,4,wallet,20.56,dev_406123,2,2,0
705,131,2161031,811556,4,wallet,38.94,dev_626364,0,0,0
706,131,1746976,1974379,6,qr_pay,15.99,dev_150310,0,2,0
707,131,2580592,2297958,4,wallet,68.36,dev_834248,0,0,0
708,131,715165,338778,5,bank_app,20.73,dev_538681,0,0,0
709,131,2571112,2202494,5,bank_app,10.04,dev_287389,0,0,0
710,131,822869,2581492,1,qr_pay,28.2,dev_348863,3,2,0
711,132,940620,211805,5,qr_pay,28.6,dev_929692,3,0,0
712,132,1512049,2540209,4,bank_app,78.35,dev_875607,3,2,0
713,132,1491337,6096,7,merchant_api,41.01,dev_811177,0,3,0
714,133,1747199,27327,5,web,37.15,dev_402636,3,0,0
715,133,2565794,2529011,1,merchant_api,35.45,dev_141546,2,2,0
716,133,2156251,2586412,5,web,20.71,dev_539109,2,0,0
717,134,123114,2587962,1,wallet,13.95,dev_773378,0,2,0
718,134,2588429,2233471,7,bank_app,37.34,dev_706856,2,2,0
719,134,2584552,1922033,10,merchant_api,18.18,dev_038583,2,2,0
720,135,1801327,2589529,1,bank_app,121.61,dev_418786,0,0,0
721,135,1760429,2036301,5,wallet,82.1,dev_026069,0,2,0
722,135,54650,1484260,11,bank_app,46.97,dev_112965,0,0,0
723,136,1503218,2168567,3,merchant_api,43.84,dev_567894,0,0,0
724,136,1688311,3689869,5,bank_app,22.67,dev_623598,0,2,0
725,136,1025403,2076904,6,qr_pay,8.54,dev_893795,0,0,0
726,136,1455566,2592341,1,qr_pay,21.88,dev_957463,0,2,0
727,136,2090156,1263801,6,qr_pay,29.12,dev_003948,2,0,0
728,137,2218909,1097282,1,web,32.67,dev_275675,2,0,0
729,137,1055479,2586090,1,web,40.55,dev_360960,0,0,0
730,137,2594274,2021420,4,bank_app,77.42,dev_466866,2,2,0
731,137,989485,1600491,4,bank_app,18.12,dev_206502,3,3,0
732,137,2593965,1433261,4,bank_app,18.27,dev_620560,0,3,0
733,138,2595839,2545034,1,merchant_api,98.08,dev_584977,2,0,0
734,138,2062154,2596457,5,web,49.1,dev_345022,0,2,0
735,138,2369640,2595680,6,merchant_api,18.7,dev_224369,0,2,0
736,138,2576853,478285,6,merchant_api,24.13,dev_631907,2,3,0
737,138,2281533,1918427,5,web,22.37,dev_103950,3,2,0
738,138,1769911,772542,1,merchant_api,27.34,dev_916808,3,0,0
739,139,2408890,2597758,4,web,51.7,dev_803881,2,0,0
740,139,379755,379385,1,wallet,260.21,dev_746693,3,3,0
741,139,2173302,2599646,10,merchant_api,29.1,dev_833360,0,2,0
742,139,2598188,1522089,4,web,61.33,dev_547228,2,2,0
743,140,1508641,1439616,5,wallet,5.38,dev_463555,0,3,0
744,140,2600337,1581105,4,merchant_api,21.84,dev_961499,2,0,0
745,140,1006457,248344,5,wallet,74.14,dev_449052,0,3,0
746,140,211957,2210543,5,wallet,35.24,dev_714767,3,2,0
747,140,1858731,467913,4,merchant_api,1.0,dev_594702,3,0,0
748,140,2419526,773500,4,merchant_api,61.97,dev_141953,3,0,0
749,140,1106021,915521,4,merchant_api,189.87,dev_615512,0,2,0
750,140,2502642,1055350,5,wallet,4.07,dev_717816,2,2,0
751,141,1507917,1735974,4,wallet,132.61,dev_684685,0,3,0
752,141,1277714,332546,5,bank_app,2.02,dev_247892,0,0,0
753,142,2604079,459077,11,web,61.82,dev_453865,0,0,0
754,142,2602211,2436542,10,qr_pay,24.34,dev_971305,2,2,0
755,142,1426692,1722905,4,bank_app,4.08,dev_160310,0,0,0
756,142,2175725,2605763,1,web,39.71,dev_245683,3,3,0
757,142,2558429,2572887,4,bank_app,95.18,dev_154140,3,0,0
758,142,2606469,324395,1,web,36.87,dev_516556,0,0,0
759,143,1329583,507414,5,web,41.53,dev_530105,3,0,0
760,143,2195025,676766,4,qr_pay,23.32,dev_053516,2,3,0
761,143,1936398,1919433,4,qr_pay,6.33,dev_937782,3,0,0
762,143,1986319,1668504,4,qr_pay,62.97,dev_144340,0,3,0
763,143,2172504,377363,6,merchant_api,128.35,dev_108053,2,3,0
764,144,1276081,748093,5,merchant_api,67.8,dev_503215,3,3,0
765,144,502999,2284743,10,merchant_api,4.1,dev_683714,3,2,0
766,144,1485172,225297,5,merchant_api,6.28,dev_415637,2,0,0
767,145,2614008,1169290,6,bank_app,12.41,dev_782990,2,0,0
768,146,2617397,2617358,5,bank_app,5.85,dev_227287,2,2,0
769,146,2611736,2459467,1,qr_pay,27.65,dev_397233,2,3,0
770,146,2601056,2616291,1,qr_pay,37.87,dev_122917,3,2,0
771,146,714729,484525,5,bank_app,6.77,dev_667857,0,0,0
772,146,159729,742728,5,bank_app,49.37,dev_890920,3,0,0
773,146,1402894,855281,6,qr_pay,45.65,dev_273546,0,3,0
774,146,2347167,2616510,5,bank_app,14.98,dev_383105,0,2,0
775,146,2616061,574958,5,bank_app,21.0,dev_097996,0,0,0
776,146,2549855,2616542,5,bank_app,4.24,dev_885876,0,2,0
777,147,113956,292597,4,bank_app,25.05,dev_830800,0,0,0
778,147,2619227,1648531,1,web,26.75,dev_783988,3,2,0
779,147,1119212,2618319,5,qr_pay,28.56,dev_466738,0,2,0
780,147,2599625,2471002,5,qr_pay,34.5,dev_851316,0,2,0
781,147,2619439,155063,5,qr_pay,30.56,dev_616675,0,0,0
782,147,1939198,2619003,10,qr_pay,19.34,dev_288241,0,2,0
783,148,2622723,1542185,6,merchant_api,34.38,dev_405233,3,2,0
784,148,246878,509259,1,merchant_api,65.49,dev_892569,0,3,0
785,148,2622566,424823,4,qr_pay,31.0,dev_558352,0,0,0
786,149,743099,969591,6,wallet,35.37,dev_194833,0,0,0
787,149,2624537,2517826,7,bank_app,24.35,dev_213396,2,2,0
788,149,1682706,692267,5,merchant_api,13.71,dev_430333,0,0,0
789,149,929487,634120,4,web,54.09,dev_854832,0,0,0
790,149,664813,565028,6,wallet,16.12,dev_707567,3,0,0
791,150,639691,1134688,4,merchant_api,47.82,dev_600414,0,0,0
792,150,93979,968199,5,wallet,25.16,dev_188217,0,3,0
793,150,2624603,1072971,9,merchant_api,25.7,dev_261435,2,3,0
794,150,2628443,2347777,6,bank_app,19.78,dev_021662,3,2,0
795,151,1870109,819609,5,bank_app,15.53,dev_699352,2,0,0
796,151,2627953,1206793,10,bank_app,5.58,dev_889445,2,3,0
797,151,2626412,91692,9,wallet,47.68,dev_062095,2,3,0
798,151,1711936,2405031,1,qr_pay,32.73,dev_527585,0,2,0
799,151,131931,423039,5,bank_app,52.7,dev_486849,0,0,0
800,152,1928268,872943,5,qr_pay,15.21,dev_592089,2,2,0
801,152,314285,221306,5,qr_pay,135.08,dev_820303,0,3,0
802,152,50501,1419465,1,web,18.88,dev_525242,0,0,0
803,153,2635445,2631538,1,merchant_api,12.09,dev_922152,2,0,0
804,153,1182233,2634295,6,merchant_api,10.87,dev_561042,0,2,0
805,153,2629829,1095572,1,merchant_api,5.58,dev_652585,2,0,0
806,153,2209719,2157088,1,merchant_api,105.57,dev_386560,0,0,0
807,153,1660302,2216392,9,qr_pay,116.04,dev_735508,2,2,0
808,154,1813335,1669114,1,wallet,45.63,dev_920056,0,3,0
809,154,2212549,195266,6,wallet,11.86,dev_915272,2,2,0
810,154,1858064,805385,4,web,172.46,dev_229238,2,0,0
811,154,2029838,1845671,4,web,24.62,dev_227923,0,0,0
812,154,454155,1108168,1,wallet,20.86,dev_826659,0,0,0
813,154,2636830,444629,5,merchant_api,89.44,dev_897078,0,0,0
814,154,482785,1626775,6,wallet,48.09,dev_308068,0,0,0
815,154,412966,2637599,6,wallet,192.67,dev_988972,0,2,0
816,154,452832,346492,4,web,42.26,dev_960005,3,0,0
817,155,2325968,2491646,5,wallet,17.16,dev_016492,0,0,0
818,155,1424179,79845,5,wallet,14.15,dev_472768,2,0,0
819,155,1123284,2304450,2,qr_pay,5.46,dev_121354,2,2,0
820,155,1398438,2159051,5,wallet,19.09,dev_739549,0,0,0
821,156,1030532,1551550,4,wallet,94.65,dev_651142,0,0,0
822,156,1844303,1817712,4,wallet,57.91,dev_273509,2,0,0
823,156,1149031,2640929,5,bank_app,24.99,dev_901697,0,2,0
824,156,1246864,57552,5,bank_app,10.02,dev_530380,0,2,0
825,156,1330842,1305434,5,bank_app,30.09,dev_399519,0,3,0
826,157,2644178,611286,4,bank_app,84.06,dev_281946,2,0,0
827,157,19835,421760,5,qr_pay,36.15,dev_966064,3,0,0
828,157,2620707,234524,5,qr_pay,28.5,dev_366324,2,3,0
829,157,2644796,996600,6,web,12.97,dev_269726,2,0,0
830,157,2644709,561544,4,bank_app,73.73,dev_769205,0,0,0
831,157,2057880,2645414,4,bank_app,2.02,dev_108437,0,0,0
832,157,1608702,1591449,5,qr_pay,34.62,dev_366120,0,3,0
833,157,2644126,1154508,3,wallet,315.23,dev_574894,0,3,0
834,158,586451,2646167,11,merchant_api,6.84,dev_943230,0,0,0
835,158,2363247,1501963,9,qr_pay,27.19,dev_754864,2,0,0
836,159,1168377,1372647,4,web,33.54,dev_395847,0,2,0
837,159,2612920,1544881,10,merchant_api,16.18,dev_833919,0,2,0
838,159,973037,571053,9,web,85.86,dev_401154,0,3,0
839,159,1481016,309786,4,web,51.69,dev_243358,0,0,0
840,159,2164917,2158277,1,wallet,30.48,dev_777760,3,3,0
841,159,2648983,205431,1,wallet,54.46,dev_369958,0,3,0
842,160,2653804,1818953,6,bank_app,26.98,dev_047749,2,3,0
843,160,861312,2477759,5,wallet,429.18,dev_313218,3,2,0
844,160,1172624,835205,5,wallet,28.11,dev_525787,0,0,0
845,160,2501147,551292,6,bank_app,31.68,dev_009187,2,2,0
846,160,1077440,1120898,5,wallet,5.26,dev_415015,2,3,0
847,161,2037999,2250534,4,wallet,20.72,dev_027105,0,3,0
848,161,2120453,2656458,4,wallet,94.88,dev_160102,0,2,0
849,161,1776144,2414141,5,bank_app,7.37,dev_861205,0,2,0
850,161,1946324,1529964,4,wallet,4.85,dev_558902,0,0,0
851,161,265890,701747,5,bank_app,25.26,dev_189468,0,0,0
852,161,1336910,1841342,5,bank_app,84.24,dev_964275,0,2,0
853,161,1945080,1260899,5,bank_app,25.49,dev_730244,2,0,0
854,161,2653908,1561238,10,bank_app,18.13,dev_835937,2,0,0
855,162,2657530,2602449,4,bank_app,6.34,dev_635949,0,0,0
856,162,1339828,465158,3,wallet,46.85,dev_048359,2,2,0
857,162,2609027,2657679,5,qr_pay,44.48,dev_354144,2,2,0
858,162,2657950,2098620,5,qr_pay,4.94,dev_125475,2,2,0
859,162,2642860,2657793,2,merchant_api,79.92,dev_789846,2,2,0
860,162,522665,129444,4,bank_app,67.3,dev_718906,2,3,0
861,162,1121130,812610,4,bank_app,93.61,dev_771957,0,3,0
862,162,777080,1498477,5,qr_pay,41.48,dev_239715,3,2,0
863,163,1940130,422305,9,qr_pay,60.84,dev_306807,0,0,0
864,163,2659961,2090725,1,merchant_api,42.46,dev_211207,0,0,0
865,164,1747330,1049201,5,merchant_api,53.6,dev_781878,0,2,0
866,164,2632687,1006156,5,merchant_api,4.77,dev_951573,2,2,0
867,164,1130625,759547,1,wallet,6.88,dev_106635,0,3,0
868,164,2661455,2103972,5,merchant_api,12.65,dev_675270,0,2,0
869,164,221709,1804242,4,web,30.06,dev_570760,0,0,0
870,164,2627969,2661333,5,merchant_api,34.79,dev_499108,0,0,0
871,164,1965456,703952,5,merchant_api,32.86,dev_276916,0,3,0
872,165,493325,2654733,1,bank_app,72.63,dev_821113,0,0,0
873,165,2196147,2011427,4,merchant_api,94.98,dev_182199,1,2,1
874,165,2565269,967991,5,wallet,11.19,dev_868870,3,2,0
875,165,1025909,1295805,1,bank_app,32.94,dev_026822,0,2,0
876,165,681279,2664748,5,wallet,11.44,dev_268393,2,2,0
877,166,2668881,2449641,7,web,24.3,dev_742526,2,0,0
878,166,1411945,2669789,4,wallet,45.13,dev_753381,0,0,0
879,166,1608028,704483,4,wallet,1.57,dev_280280,0,0,0
880,166,2667949,2130142,6,qr_pay,232.79,dev_392632,0,3,0
881,166,2251881,2299127,5,bank_app,40.84,dev_900191,0,0,0
882,167,1700727,2050449,2,merchant_api,16.84,dev_772961,3,2,0
883,167,1933192,583565,5,qr_pay,139.02,dev_250832,2,3,0
884,167,870200,521473,4,bank_app,24.71,dev_275901,3,2,0
885,168,2149796,2674231,5,web,27.64,dev_434386,3,2,0
886,168,674451,407255,5,web,15.83,dev_398492,0,0,0
887,168,2675542,2605505,1,merchant_api,117.54,dev_390378,0,0,0
888,168,1023139,1520600,4,qr_pay,30.74,dev_512489,0,0,0
889,168,418263,518687,2,wallet,32.93,dev_826521,3,0,0
890,168,1837035,81221,5,web,72.49,dev_085166,0,3,0
891,168,2234787,2470633,5,web,41.54,dev_898108,0,2,0
892,168,2279056,1549962,4,qr_pay,32.17,dev_365543,2,2,0
893,168,2672927,1562234,4,qr_pay,91.78,dev_231271,2,0,0
894,168,2672929,2649623,5,web,240.96,dev_602562,0,3,0
895,168,981943,2673573,11,merchant_api,35.36,dev_862445,3,2,0
896,168,17608,2288105,5,web,27.25,dev_833988,0,0,0
897,169,2676201,2432155,7,bank_app,33.57,dev_413550,2,2,0
898,169,2675946,1564817,6,wallet,86.43,dev_106517,2,2,0
899,169,2217856,1405385,6,wallet,15.5,dev_813170,3,3,0
900,169,2241371,473135,4,web,26.3,dev_862533,0,3,0
901,169,1538764,872847,6,wallet,6.66,dev_577475,0,3,0
902,169,1564525,2676408,10,merchant_api,8.45,dev_567094,0,2,0
903,169,1581542,259268,5,merchant_api,15.39,dev_133871,2,3,0
904,170,1186254,1186294,5,wallet,23.33,dev_717721,0,0,0
905,170,659715,2675338,6,bank_app,130.6,dev_526654,2,2,0
906,171,503272,1970408,5,bank_app,39.74,dev_538353,3,3,0
907,171,2682268,138510,5,bank_app,10.8,dev_245727,2,0,0
908,171,801545,682995,4,wallet,17.55,dev_339451,0,0,0
909,171,2682642,1390542,5,bank_app,84.54,dev_743260,0,0,0
910,171,70542,1965287,4,wallet,93.13,dev_444163,0,3,0
911,172,622361,329671,1,web,27.26,dev_176746,3,0,0
912,172,1805450,2683669,10,qr_pay,16.47,dev_811325,0,2,0
913,172,825517,268231,4,bank_app,92.99,dev_642071,3,0,0
914,172,2685631,909603,5,qr_pay,10.03,dev_411840,0,0,0
915,172,2686148,2499124,2,merchant_api,40.97,dev_987620,2,2,0
916,172,2681145,633667,9,bank_app,261.23,dev_659675,0,0,0
917,172,1859843,2686392,5,qr_pay,29.51,dev_846131,0,0,0
918,172,2681764,33018,5,qr_pay,12.21,dev_346778,2,0,0
919,173,460492,2687057,9,qr_pay,48.88,dev_252967,3,0,0
920,173,1550661,281124,4,qr_pay,22.13,dev_149529,0,2,0
921,173,1242040,1475257,5,web,7.0,dev_582296,0,0,0
922,173,2687327,2674708,3,bank_app,58.61,dev_560417,2,1,1
923,174,2538863,1008891,11,wallet,72.68,dev_207132,0,2,0
924,174,2488120,2690767,5,merchant_api,18.54,dev_648160,0,0,0
925,174,2686826,149385,11,wallet,18.93,dev_745764,2,0,0
926,174,2690817,2560581,6,wallet,11.19,dev_967649,0,0,0
927,174,1255348,244119,4,web,29.52,dev_447732,0,3,0
928,174,996112,1387293,5,merchant_api,14.79,dev_695348,3,2,0
929,174,2399122,2691877,4,web,13.6,dev_481588,2,2,0
930,175,37616,2220949,1,bank_app,145.9,dev_304662,0,0,0
931,175,2692552,508994,1,bank_app,40.44,dev_371966,2,3,0
932,175,1682720,1287856,4,merchant_api,56.55,dev_923980,0,3,0
933,175,1407210,633689,4,merchant_api,74.82,dev_289552,0,2,0
934,175,2045653,661044,11,bank_app,53.19,dev_245336,3,0,0
935,176,129537,129554,3,merchant_api,21.5,dev_878210,0,0,0
936,176,277999,2695117,5,bank_app,31.35,dev_676860,0,2,0
937,176,2629746,2521480,10,bank_app,19.26,dev_982877,2,2,0
938,177,731148,924370,5,qr_pay,36.4,dev_755586,0,0,0
939,177,2264829,2344304,4,bank_app,45.95,dev_220990,0,2,0
940,177,2697856,2292447,6,web,18.83,dev_986510,3,0,0
941,177,24846,2699201,1,web,8.03,dev_468494,0,2,0
942,177,2395754,2699549,5,qr_pay,27.98,dev_104521,2,0,0
943,177,1133201,653295,5,qr_pay,20.41,dev_573210,3,0,0
944,177,2695861,644854,10,qr_pay,4.48,dev_633943,3,2,0
945,177,2699970,2015128,5,qr_pay,38.74,dev_356900,3,0,0
946,178,1810716,622767,4,qr_pay,80.54,dev_175312,3,0,0
947,178,545375,1767914,6,merchant_api,258.66,dev_843077,3,3,0
948,178,2165169,1928332,1,merchant_api,18.69,dev_662929,0,0,0
949,178,1517408,1162839,6,merchant_api,16.37,dev_725920,2,3,0
950,178,2700195,689767,5,web,9.04,dev_439487,0,2,0
951,178,2700501,2218498,4,qr_pay,40.76,dev_579707,0,2,0
952,178,2701295,1855449,2,wallet,34.54,dev_498300,3,0,0
953,178,2700260,105507,6,merchant_api,12.8,dev_643388,2,2,0
954,179,2653454,2654955,5,merchant_api,20.96,dev_806674,0,2,0
955,179,2704567,1271755,6,wallet,4.48,dev_662921,2,3,0
956,180,1362916,2707827,4,merchant_api,77.77,dev_871683,0,0,0
957,180,2302647,2707554,9,merchant_api,16.88,dev_968576,2,3,0
958,180,9812,2171873,1,bank_app,25.76,dev_004287,0,0,0
959,180,187189,495706,1,bank_app,7.36,dev_674743,0,3,0
960,180,2655499,2708618,4,merchant_api,20.0,dev_543336,0,0,0
961,181,2711035,2210661,2,web,22.38,dev_837381,2,3,0
962,181,1829451,1797830,5,bank_app,24.28,dev_483085,3,3,0
963,181,2711117,2696059,5,bank_app,37.78,dev_430825,0,3,0
964,181,2578129,1418796,5,bank_app,89.58,dev_965063,0,2,0
965,182,1221541,1682351,6,web,51.39,dev_065507,2,0,0
966,182,2714157,1215305,1,web,63.18,dev_943192,2,0,0
967,182,380593,405211,4,bank_app,124.15,dev_981266,3,0,0
968,182,2709800,739416,9,bank_app,56.42,dev_930037,0,0,0
969,182,2524522,1567412,1,web,25.71,dev_500302,0,3,0
970,183,523289,2716943,6,merchant_api,65.9,dev_941021,0,2,0
971,183,2717007,1421359,3,bank_app,81.92,dev_273591,2,0,0
972,183,1957067,1796680,5,web,43.98,dev_735985,0,0,0
973,183,1494683,2526085,5,web,6.62,dev_553077,0,2,0
974,183,1121292,2715731,1,merchant_api,12.46,dev_624180,3,0,0
975,183,2626407,197118,7,wallet,22.48,dev_964151,2,3,0
976,184,1046182,720872,6,wallet,53.61,dev_947884,3,0,0
977,184,2718619,1767647,5,merchant_api,24.07,dev_472635,0,3,0
978,184,2648609,76243,5,merchant_api,68.25,dev_972122,3,0,0
979,184,1304294,1108801,4,web,110.36,dev_027091,2,3,0
980,184,1139674,2718831,1,wallet,78.2,dev_588954,3,0,0
981,184,2709150,810555,5,merchant_api,72.6,dev_054327,3,2,0
982,184,444003,550100,1,wallet,10.45,dev_128504,0,0,0
983,184,2718851,870064,4,web,52.16,dev_946494,2,3,0
984,185,2148195,2686197,5,wallet,14.2,dev_098313,0,0,0
985,185,2246391,2401647,6,bank_app,6.02,dev_115769,2,2,0
986,185,2721743,2412420,4,merchant_api,26.08,dev_859517,0,2,0
987,185,535669,2621735,5,wallet,80.82,dev_339402,0,2,0
988,185,2720411,1827558,6,bank_app,40.23,dev_838547,0,0,0
989,185,2561804,402900,10,wallet,150.81,dev_052053,3,3,0
990,186,1104351,376920,9,wallet,39.63,dev_996920,3,0,0
991,186,1892825,477573,1,qr_pay,240.57,dev_398202,0,0,0
992,186,1492037,1101941,5,bank_app,28.78,dev_775056,3,2,0
993,186,2703887,18790,5,bank_app,25.03,dev_520812,2,0,0
994,186,2724224,1731685,1,qr_pay,8.4,dev_913132,3,0,0
995,186,2057714,1095080,10,bank_app,66.65,dev_049694,2,2,0
996,186,1794654,1827907,5,bank_app,15.61,dev_841947,0,2,0
997,187,2631720,2727825,6,web,14.84,dev_912719,3,0,0
998,187,975599,1212473,6,web,84.19,dev_361913,0,0,0
999,187,1296069,2728497,11,web,75.37,dev_068180,0,0,0
1000,187,1656559,2118836,2,merchant_api,79.75,dev_572765,0,2,0
1001,187,1422405,117297,1,web,19.18,dev_335013,0,2,0
1002,187,2157699,345015,3,wallet,29.79,dev_129248,0,2,0
1003,187,408551,1664657,5,qr_pay,23.25,dev_478555,0,0,0
1004,187,648880,217173,5,qr_pay,49.61,dev_834556,0,0,0
1005,188,415581,2731556,5,web,99.31,dev_786729,3,2,0
1006,188,2726704,1563948,9,qr_pay,47.06,dev_920873,2,2,0
1007,188,987248,16647,5,web,145.1,dev_898816,0,3,0
1008,188,2730177,1189303,5,web,55.01,dev_182487,2,2,0
1009,189,267528,2732362,11,wallet,21.51,dev_552603,0,2,0
1010,189,2732083,664152,9,web,71.22,dev_236996,0,3,0
1011,189,1183066,1954248,4,web,156.86,dev_837692,0,2,0
1012,189,2732470,838158,5,merchant_api,148.18,dev_132438,2,2,0
1013,189,2713223,2732227,1,wallet,77.34,dev_463994,1,2,1
1014,189,2726346,512406,1,wallet,27.2,dev_306202,0,0,0
1015,189,2644559,1838882,10,merchant_api,20.19,dev_054809,0,2,0
1016,190,182793,2736941,9,merchant_api,56.74,dev_725901,0,2,0
1017,190,1905440,1749185,3,web,140.69,dev_963604,0,0,0
1018,190,2737426,2669809,5,wallet,36.25,dev_593112,3,2,0
1019,190,1711275,1937011,4,merchant_api,50.86,dev_043855,0,0,0
1020,190,2737200,2224842,4,merchant_api,35.38,dev_814419,2,2,0
1021,190,2460061,2735458,5,wallet,18.26,dev_565270,0,1,1
1022,190,2596681,1658175,4,merchant_api,29.2,dev_940428,2,3,0
1023,190,1916288,2735846,11,bank_app,30.02,dev_064743,0,2,0
1024,191,2736790,2403404,4,wallet,158.58,dev_044746,0,0,0
1025,191,1603689,2740099,6,qr_pay,21.42,dev_930157,0,2,0
1026,191,2262709,435133,4,wallet,35.42,dev_901331,0,2,0
1027,191,751896,1876282,5,bank_app,11.26,dev_964025,0,3,0
1028,191,1321940,1175900,5,bank_app,46.76,dev_523980,0,0,0
1029,192,66570,182691,1,web,90.92,dev_845493,0,0,0
1030,192,2739726,422152,10,qr_pay,105.85,dev_980185,2,3,0
1031,192,2499228,1502923,4,bank_app,40.57,dev_665511,0,0,0
1032,192,2741771,1218482,4,bank_app,56.65,dev_963162,0,2,0
1033,192,2740564,1881297,4,bank_app,29.42,dev_809253,0,3,0
1034,192,1398324,172557,1,web,42.74,dev_265926,0,3,0
1035,192,1860635,827215,5,qr_pay,32.54,dev_782837,0,0,0
1036,193,723408,961487,4,qr_pay,35.6,dev_796248,3,3,0
1037,193,1449325,1337894,4,qr_pay,38.24,dev_395605,0,2,0
1038,193,2745368,1664888,4,qr_pay,50.74,dev_043809,2,3,0
1039,193,387293,891603,5,web,18.83,dev_132095,3,0,0
1040,193,2743821,2743768,5,web,19.72,dev_758948,2,2,0
1041,193,1699593,2005569,1,merchant_api,123.55,dev_971328,0,2,0
1042,193,2065737,74466,5,web,281.32,dev_087582,0,0,0
1043,194,485382,290321,5,merchant_api,8.3,dev_986853,0,3,0
1044,194,2745074,241219,10,merchant_api,7.9,dev_227354,2,0,0
1045,194,2746717,1676220,6,wallet,11.23,dev_380163,2,3,0
1046,194,2592662,2253692,2,bank_app,26.23,dev_914744,2,0,0
1047,194,256348,43621,4,web,75.66,dev_085781,0,3,0
1048,195,1825710,240112,6,bank_app,45.25,dev_191571,0,2,0
1049,195,2751228,1260634,1,bank_app,31.03,dev_098766,0,0,0
1050,195,2748823,1500210,4,merchant_api,54.38,dev_149611,2,2,0
1051,195,203172,64873,5,wallet,13.16,dev_597933,3,3,0
1052,195,2683540,1610590,5,wallet,19.69,dev_903541,0,3,0
1053,195,2577963,2576029,5,wallet,24.09,dev_885898,0,0,0
1054,195,110471,267962,4,merchant_api,8.12,dev_456931,0,0,0
1055,196,2537698,2247886,10,bank_app,8.63,dev_180000,2,3,0
1056,196,2754253,2731260,6,qr_pay,9.69,dev_937375,0,0,0
1057,196,2752748,74642,1,qr_pay,52.86,dev_775659,3,3,0
1058,196,2491405,105365,10,bank_app,30.59,dev_160704,0,2,0
1059,196,113022,2667219,1,qr_pay,46.06,dev_452845,0,2,0
1060,196,1255377,2202297,1,qr_pay,5.07,dev_703529,0,0,0
1061,196,2754403,2754084,2,web,7.57,dev_986782,2,2,0
1062,196,2753958,2223171,5,bank_app,44.56,dev_733646,2,2,0
1063,196,2752555,2671078,5,bank_app,2.01,dev_114966,3,3,0
1064,196,214316,247127,5,bank_app,73.86,dev_530039,3,3,0
1065,196,1798835,2443441,5,bank_app,4.75,dev_754219,0,2,0
1066,196,291718,2738236,1,qr_pay,56.77,dev_382483,3,0,0
1067,197,2755887,823949,1,web,11.94,dev_868616,2,3,0
1068,197,1899939,2755444,9,bank_app,86.84,dev_040663,0,2,0
1069,197,630549,136383,9,bank_app,606.28,dev_683768,3,3,0
1070,197,2751255,76616,5,qr_pay,3.17,dev_241381,3,3,0
1071,197,2196897,1731265,5,qr_pay,45.87,dev_491972,0,2,0
1072,197,50543,2445416,5,qr_pay,4.82,dev_659300,0,2,0
1073,197,483226,2075721,9,bank_app,49.61,dev_586490,0,2,0
1074,197,2756994,350021,4,bank_app,28.05,dev_453637,0,0,0
1075,197,469712,1909944,4,bank_app,37.97,dev_160440,0,2,0
1076,197,1324740,950236,6,web,11.7,dev_881430,3,0,0
1077,198,1114520,94932,5,web,49.53,dev_795463,3,3,0
1078,198,2758502,31777,5,web,6.66,dev_704039,0,3,0
1079,198,941039,2580369,5,web,75.0,dev_165753,0,2,0
1080,198,242740,2119648,10,web,16.97,dev_816396,3,2,0
1081,198,242632,2148288,4,qr_pay,9.56,dev_586225,0,2,0
1082,198,1891049,1362813,4,qr_pay,141.95,dev_191763,0,0,0
1083,198,898403,503228,6,merchant_api,25.01,dev_372321,0,3,0
1084,198,1502441,1457259,4,qr_pay,188.08,dev_317183,0,0,0
1085,199,1399789,1193413,5,merchant_api,73.64,dev_380443,0,0,0
1086,199,2221023,2760878,6,wallet,12.96,dev_651778,0,2,0
1087,199,2427768,2761858,5,merchant_api,22.73,dev_503636,2,3,0
1088,199,2760271,1124879,6,wallet,29.63,dev_161378,0,3,0
1089,200,2003258,2763406,5,wallet,96.9,dev_502679,2,2,0
1090,200,2158302,68747,6,bank_app,39.4,dev_548707,0,3,0
1091,200,777468,2399477,1,bank_app,31.15,dev_928311,0,2,0
1092,200,2428455,2764519,5,wallet,20.49,dev_389136,2,2,0
1093,200,2763915,1701128,3,web,29.8,dev_518998,0,3,0
1094,200,2761240,2348886,10,wallet,79.37,dev_507311,3,2,0
1095,200,2765699,749311,6,bank_app,26.66,dev_597158,2,2,0
1096,201,1431940,2766083,5,bank_app,17.19,dev_301778,3,2,0
1097,201,1473834,1368779,5,bank_app,14.76,dev_843996,0,3,0
1098,201,1589200,2290243,5,bank_app,14.9,dev_691338,0,1,1
1099,201,312226,2767008,5,bank_app,6.95,dev_615664,0,0,0
1100,201,2766009,2663017,3,merchant_api,15.87,dev_842994,3,2,0
1101,201,99329,688509,4,wallet,130.14,dev_256122,0,2,0
1102,201,458260,2052985,6,qr_pay,22.07,dev_337612,0,3,0
1103,201,175955,399687,3,merchant_api,58.79,dev_082094,3,2,0
1104,202,1828334,2772009,5,qr_pay,2.64,dev_934238,0,2,0
1105,202,2689643,2204797,4,bank_app,56.34,dev_346043,2,0,0
1106,202,2768648,2583106,1,web,22.98,dev_386416,0,0,0
1107,202,659761,381020,5,qr_pay,15.91,dev_843366,3,0,0
1108,202,38849,569643,6,web,31.28,dev_185452,3,0,0
1109,202,2769383,620626,5,qr_pay,15.7,dev_598002,2,0,0
1110,203,2774104,694218,3,bank_app,4.61,dev_740907,3,3,0
1111,203,1913012,1989931,5,web,56.26,dev_525891,0,0,0
1112,203,619799,2162319,5,web,30.53,dev_857216,0,0,0
1113,203,1635152,948589,5,web,18.49,dev_393398,0,0,0
1114,203,767284,1190203,5,web,10.28,dev_351832,3,0,0
1115,203,338223,1323657,6,merchant_api,7.08,dev_177046,3,0,0
1116,203,2771964,1245004,10,web,30.01,dev_010179,0,3,0
1117,203,2319938,2297375,4,qr_pay,144.33,dev_938812,0,2,0
1118,204,2217912,1867735,9,web,40.56,dev_605759,2,2,0
1119,204,224195,1116651,4,web,9.73,dev_743345,3,0,0
1120,204,2776380,1466317,5,merchant_api,30.04,dev_770044,0,3,0
1121,205,1173107,2780559,5,wallet,23.38,dev_367948,0,0,0
1122,205,2780253,2472257,6,bank_app,57.84,dev_128621,3,2,0
1123,205,89807,1967206,4,merchant_api,58.33,dev_008698,3,2,0
1124,205,1645791,541863,4,merchant_api,2.3,dev_944088,0,3,0
1125,205,2778489,997675,3,web,50.94,dev_497980,0,0,0
1126,206,2210953,2146234,1,qr_pay,10.77,dev_306633,2,0,0
1127,206,1374414,2781045,3,merchant_api,8.67,dev_119380,0,2,0
1128,206,2261407,1873883,5,bank_app,20.7,dev_072102,0,2,0
1129,206,1092550,1517308,4,wallet,48.9,dev_374981,3,2,0
1130,206,1213637,2734993,10,bank_app,5.6,dev_508595,3,2,0
1131,206,807855,2509675,9,wallet,63.7,dev_850419,2,2,0
1132,206,2024285,2782262,10,bank_app,48.76,dev_655499,2,2,0
1133,206,1691052,1424113,5,bank_app,25.59,dev_503762,3,3,0
1134,207,2780410,2606713,11,web,12.17,dev_033354,0,0,0
1135,207,644064,2785422,4,bank_app,13.99,dev_342147,0,0,0
1136,207,2784272,1953683,1,web,66.91,dev_193335,0,2,0
1137,207,65611,228992,1,web,6.82,dev_561383,0,3,0
1138,207,2784707,2774669,4,bank_app,88.06,dev_814456,0,0,0
1139,207,1487026,2785522,6,web,22.9,dev_439362,2,0,0
1140,208,1726032,1371844,5,web,22.51,dev_311521,0,0,0
1141,208,1524583,2629517,4,qr_pay,7.26,dev_472133,0,3,0
1142,208,2456287,2784520,7,wallet,25.23,dev_230106,2,0,0
1143,208,1819950,2788615,10,web,42.62,dev_959224,2,2,0
1144,208,265587,100448,4,qr_pay,10.15,dev_600858,0,0,0
1145,208,507089,1942223,1,merchant_api,41.63,dev_064734,0,0,0
1146,208,232355,1080245,4,qr_pay,36.6,dev_251952,0,0,0
1147,208,2311326,2292038,5,web,13.74,dev_046151,2,2,0
1148,209,1893522,1120303,4,web,72.91,dev_540312,0,0,0
1149,209,2790851,1282968,5,merchant_api,3.38,dev_796256,2,3,0
1150,209,80274,574996,4,web,46.16,dev_225794,0,0,0
1151,209,2204121,2531603,4,web,145.11,dev_086070,0,0,0
1152,209,2790188,2790098,5,merchant_api,89.65,dev_132261,0,2,0
1153,209,96382,480945,6,wallet,37.74,dev_214977,0,0,0
1154,210,2790516,1455913,9,merchant_api,25.75,dev_584554,0,3,0
1155,210,1268148,727931,6,bank_app,15.0,dev_665467,0,3,0
1156,210,1544737,1274825,5,wallet,18.68,dev_297296,3,3,0
1157,210,2786273,255178,11,bank_app,43.36,dev_983107,2,0,0
1158,210,718754,841161,4,merchant_api,16.34,dev_092297,0,3,0
1159,210,2265401,1114754,5,wallet,48.51,dev_758466,0,3,0
1160,211,80732,208953,1,qr_pay,181.24,dev_209774,0,3,0
1161,211,1251063,1768768,5,bank_app,23.2,dev_259744,0,0,0
1162,211,63281,2539464,5,bank_app,7.32,dev_689811,2,2,0
1163,211,761633,194186,3,merchant_api,9.3,dev_332590,0,3,0
1164,211,1445244,137201,5,bank_app,49.35,dev_795853,0,2,0
1165,211,2795510,1773291,6,qr_pay,25.18,dev_471876,2,3,0
1166,211,532628,2307492,5,bank_app,54.01,dev_788769,0,0,0
1167,211,2795528,2795549,3,merchant_api,19.29,dev_669134,2,2,0
1168,212,1426619,1459056,6,web,56.12,dev_503350,0,2,0
1169,212,1488147,794934,5,qr_pay,21.27,dev_218633,0,1,1
1170,212,505982,2032661,4,bank_app,17.47,dev_333953,2,2,0
1171,212,2797262,754199,6,web,18.52,dev_019487,0,3,0
1172,212,2798312,2699931,6,web,9.05,dev_689195,2,2,0
1173,212,2285111,1869322,5,qr_pay,147.0,dev_730918,2,0,0
1174,212,2220104,1370419,4,bank_app,30.98,dev_518752,0,3,0
1175,213,2799612,1067335,5,web,43.82,dev_802319,2,0,0
1176,213,2800173,2752535,5,web,15.13,dev_114562,2,2,0
1177,213,2618020,2796566,6,merchant_api,10.31,dev_638616,2,2,0
1178,213,2801045,1972275,5,web,19.88,dev_877458,0,0,0
1179,213,1439562,1290111,4,qr_pay,91.02,dev_821556,3,0,0
1180,213,2685867,620582,5,web,15.35,dev_999669,0,0,0
1181,213,2178513,264728,10,web,11.21,dev_680756,0,3,0
1182,213,2799253,1381294,4,qr_pay,38.86,dev_978189,2,2,0
1183,213,2799031,2103811,4,qr_pay,52.94,dev_868826,2,2,0
1184,213,1162985,1702372,4,qr_pay,148.2,dev_548077,0,3,0
1185,213,654150,2798508,1,merchant_api,36.54,dev_267144,0,0,0
1186,213,2796960,725558,9,qr_pay,60.32,dev_636027,3,3,0
1187,213,1235418,524030,4,qr_pay,64.54,dev_837116,0,0,0
1188,213,36897,411878,5,web,8.69,dev_907424,0,3,0
1189,213,2105512,2658806,5,web,10.31,dev_936058,0,0,0
1190,214,363239,2447610,5,merchant_api,9.25,dev_541862,0,0,0
1191,214,2342709,2538845,5,merchant_api,7.4,dev_270633,0,2,0
1192,214,90946,501475,4,web,69.12,dev_973580,3,0,0
1193,214,217001,669223,10,merchant_api,31.85,dev_840841,0,3,0
1194,214,134993,1153981,5,merchant_api,26.35,dev_737456,3,2,0
1195,214,1006419,2553463,5,merchant_api,2.38,dev_135098,0,2,0
1196,215,2802213,1462492,11,bank_app,169.01,dev_393490,3,2,0
1197,215,2805994,2613674,4,merchant_api,15.11,dev_310492,0,0,0
1198,215,688991,85464,1,bank_app,168.45,dev_230400,0,0,0
1199,215,2712119,1637155,10,wallet,6.66,dev_522674,0,2,0
1200,215,2807019,2349487,5,wallet,11.81,dev_179090,0,0,0
1201,215,1906780,2807064,4,merchant_api,4.65,dev_937099,3,0,0
1202,215,2294804,889834,9,merchant_api,46.8,dev_719688,0,3,0
1203,216,2808625,1217816,4,wallet,12.54,dev_372616,2,3,0
1204,216,2809499,1079349,4,wallet,12.86,dev_555374,2,3,0
1205,216,820005,2019420,6,qr_pay,7.73,dev_452164,0,0,0
1206,216,2808382,868063,4,wallet,68.01,dev_786409,2,0,0
1207,216,796267,841870,3,merchant_api,59.16,dev_127681,0,3,0
1208,216,18981,326653,5,bank_app,125.31,dev_758742,3,2,0
1209,216,72078,2618852,5,bank_app,13.23,dev_124754,0,3,0
1210,217,2810292,62649,6,web,32.36,dev_649133,2,3,0
1211,217,1839938,1302802,6,web,8.33,dev_805356,2,0,0
1212,217,2808475,1483014,11,web,19.66,dev_477433,2,0,0
1213,217,2811250,1806846,5,qr_pay,15.38,dev_469169,0,2,0
1214,217,2812520,343074,6,web,40.37,dev_505253,0,0,0
1215,217,2633453,3699342,6,web,66.37,dev_465857,2,2,0
1216,217,212498,303014,5,qr_pay,59.86,dev_365129,3,3,0
1217,217,1033126,606780,1,web,12.45,dev_590668,3,0,0
1218,217,624527,1563314,5,qr_pay,60.26,dev_479270,0,0,0
1219,217,2001107,1678529,5,qr_pay,23.58,dev_255123,0,2,0
1220,217,178993,1821801,6,web,19.84,dev_057220,0,0,0
1221,217,2810222,1782447,4,bank_app,17.86,dev_908833,0,0,0
1222,217,1307319,2238009,4,bank_app,20.41,dev_024404,0,2,0
1223,218,1936744,1514116,4,qr_pay,162.08,dev_558479,2,0,0
1224,218,2814776,742888,4,qr_pay,44.55,dev_461780,0,0,0
1225,218,2356180,496608,6,merchant_api,31.1,dev_290374,0,3,0
1226,218,1825300,1000046,4,qr_pay,26.68,dev_035805,0,0,0
1227,218,2771690,1358232,10,web,221.71,dev_619698,2,3,0
1228,218,2208063,1091160,5,web,79.4,dev_360871,0,2,0
1229,219,1813318,1009318,4,web,17.66,dev_558719,0,2,0
1230,219,2813993,422725,10,merchant_api,19.18,dev_629629,2,2,0
1231,219,2813317,1331032,10,merchant_api,20.23,dev_394042,3,3,0
1232,219,2816484,475236,5,merchant_api,27.97,dev_847209,0,3,0
1233,219,2817455,2805096,1,wallet,14.14,dev_420596,0,0,0
1234,219,1339097,384646,4,web,50.15,dev_204472,3,0,0
1235,219,250845,850144,6,wallet,98.19,dev_717803,3,2,0
1236,219,1023179,2465618,5,merchant_api,7.52,dev_853729,0,0,0
1237,219,387358,384255,1,wallet,9.63,dev_113490,0,3,0
1238,220,1386876,492969,4,merchant_api,21.87,dev_031845,0,0,0
1239,220,2115204,1502796,3,web,21.05,dev_795750,3,2,0
1240,220,2821904,2432889,4,merchant_api,204.1,dev_539311,2,2,0
1241,220,372141,2632355,1,bank_app,65.47,dev_556745,0,2,0
1242,220,1243964,2629539,6,bank_app,62.17,dev_798474,2,2,0
1243,221,24275,336174,5,bank_app,19.34,dev_114134,0,2,0
1244,221,2822129,2256666,6,qr_pay,20.54,dev_234557,0,2,0
1245,221,2822420,670997,1,qr_pay,7.2,dev_866319,0,0,0
1246,221,241719,2197456,6,qr_pay,53.71,dev_116740,0,0,0
1247,221,1508447,1335861,4,wallet,52.56,dev_838213,0,0,0
1248,221,2823498,2701738,5,bank_app,78.05,dev_951517,2,2,0
1249,222,1825194,1934936,9,bank_app,27.95,dev_327307,0,0,0
1250,222,867170,1593080,5,qr_pay,21.59,dev_810537,0,2,0
1251,222,550398,219158,4,bank_app,39.37,dev_045389,0,0,0
1252,222,2827103,2711619,3,wallet,69.6,dev_993449,1,2,1
1253,222,2646593,1461835,10,qr_pay,6.53,dev_417438,3,3,0
1254,222,2305550,2468915,1,web,51.54,dev_906147,0,0,0
1255,222,1959697,2396241,3,wallet,30.62,dev_069822,3,2,0
1256,222,1377543,2826554,1,web,10.25,dev_835145,0,2,0
1257,222,2821077,1376438,5,qr_pay,3.76,dev_903062,0,0,0
1258,223,2829516,2324365,5,web,21.7,dev_991614,2,2,0
1259,223,960728,659602,4,qr_pay,124.33,dev_114690,0,2,0
1260,223,2827767,2736978,5,web,110.74,dev_372524,0,0,0
1261,223,1138467,1418600,5,web,33.78,dev_839040,0,3,0
1262,223,2828244,2796116,6,merchant_api,155.37,dev_797168,2,2,0
1263,223,2579761,2827347,6,merchant_api,25.57,dev_249138,2,2,0
1264,223,1857172,2171998,6,merchant_api,62.68,dev_541770,0,2,0
1265,224,649027,2002231,5,merchant_api,16.34,dev_305782,2,0,0
1266,224,1279466,2756743,6,wallet,16.72,dev_967421,0,3,0
1267,225,443331,2017626,5,wallet,13.33,dev_184448,3,2,0
1268,225,2834449,2333544,4,merchant_api,5.29,dev_432819,2,0,0
1269,225,1859007,450850,5,wallet,78.13,dev_992630,0,0,0
1270,225,2830044,2833054,1,bank_app,14.92,dev_725271,0,2,0
1271,225,656301,2090978,9,merchant_api,16.42,dev_893647,3,2,0
1272,225,1043568,43464,9,merchant_api,11.68,dev_564732,3,3,0
1273,225,2830716,1461475,6,bank_app,22.11,dev_577715,0,0,0
1274,225,2833699,374693,1,bank_app,129.95,dev_474000,0,0,0
1275,226,2835858,1246178,6,qr_pay,174.93,dev_471416,2,0,0
1276,226,1959339,2683271,1,qr_pay,5.96,dev_500850,0,3,0
1277,226,1380793,990136,6,qr_pay,19.32,dev_293898,0,0,0
1278,226,2836150,445786,6,qr_pay,10.48,dev_231129,3,2,0
1279,226,445330,77393,1,qr_pay,64.68,dev_446491,0,3,0
1280,226,909709,2049748,1,qr_pay,34.4,dev_217874,2,0,0
1281,226,2834071,2498584,4,wallet,19.05,dev_421296,2,0,0
1282,226,444426,606050,5,bank_app,26.19,dev_056221,0,0,0
1283,227,279701,499778,6,web,17.29,dev_445566,0,2,0
1284,227,2840187,2788340,5,qr_pay,104.88,dev_880918,2,2,0
1285,227,2292256,2838981,5,qr_pay,40.14,dev_285072,0,2,0
1286,227,721939,742275,4,bank_app,61.73,dev_474991,1,0,1
1287,227,619054,493334,4,bank_app,3.06,dev_011334,0,3,0
1288,227,2838045,2005306,9,bank_app,31.81,dev_159605,3,0,0
1289,227,2840224,2518587,2,merchant_api,187.71,dev_701874,2,2,0
1290,228,571855,475737,5,web,80.92,dev_139244,0,3,0
1291,228,1402725,2720239,4,qr_pay,6.41,dev_073278,3,2,0
1292,228,2680688,2843268,10,web,18.5,dev_998299,2,2,0
1293,228,1198758,1361847,4,qr_pay,11.46,dev_129276,0,3,0
1294,228,2842844,596085,5,web,114.43,dev_044010,0,3,0
1295,228,2840989,2840842,6,merchant_api,33.11,dev_928454,2,2,0
1296,228,1617405,2841503,5,web,12.29,dev_566089,3,2,0
1297,229,2845830,315631,5,merchant_api,25.3,dev_477912,2,2,0
1298,229,2376873,1695495,6,wallet,2.54,dev_741812,0,0,0
1299,229,2202304,1885130,1,wallet,10.01,dev_336599,0,2,0
1300,229,2291017,2090844,10,merchant_api,25.35,dev_648936,2,3,0
1301,229,776952,2846105,4,web,72.32,dev_665368,0,2,0
1302,229,1318295,1583533,6,wallet,4.63,dev_219212,0,0,0
1303,229,1765276,2845140,5,merchant_api,17.41,dev_072467,0,2,0
1304,230,189652,1970337,1,bank_app,65.94,dev_822536,0,0,0
1305,230,1181127,1294117,4,merchant_api,9.15,dev_991600,0,3,0
1306,230,1158650,2160588,6,bank_app,32.66,dev_759636,0,2,0
1307,230,218701,978717,4,merchant_api,35.85,dev_606820,0,3,0
1308,230,187737,2109016,5,wallet,114.77,dev_149986,2,0,0
1309,230,2771084,1590125,5,wallet,19.94,dev_416477,0,3,0
1310,231,1265869,2074578,5,bank_app,21.02,dev_077401,0,2,0
1311,231,2849971,1108284,5,bank_app,52.96,dev_695363,0,2,0
1312,231,2734466,2515729,5,bank_app,7.44,dev_425306,0,3,0
1313,231,2156625,909805,6,qr_pay,21.78,dev_959773,0,3,0
1314,231,953567,1258344,4,wallet,22.42,dev_207623,3,0,0
1315,231,1860435,2174189,5,bank_app,21.65,dev_191416,0,2,0
1316,231,1034696,1027175,6,qr_pay,57.03,dev_956869,3,2,0
1317,231,1510871,1486100,4,wallet,55.63,dev_733888,1,2,1
1318,231,681163,1148296,5,bank_app,12.51,dev_849541,0,3,0
1319,232,1675790,964833,6,web,30.06,dev_066711,3,2,0
1320,232,724865,2515912,4,bank_app,129.2,dev_150509,2,2,0
1321,232,1631959,2852564,10,qr_pay,11.61,dev_603945,0,3,0
1322,232,1838920,827019,3,wallet,35.54,dev_399958,0,2,0
1323,232,1125777,1341913,1,web,22.34,dev_962607,0,3,0
1324,232,2854720,469941,4,bank_app,31.92,dev_430004,2,3,0
1325,232,2166490,176822,4,bank_app,7.79,dev_458027,0,0,0
1326,232,777297,1721350,5,qr_pay,87.33,dev_932559,3,0,0
1327,233,1109998,1954640,4,qr_pay,16.83,dev_550766,0,2,0
1328,233,2436063,2856038,10,web,61.77,dev_100589,2,2,0
1329,233,1653670,2327151,4,qr_pay,19.31,dev_976161,3,2,0
1330,233,2396674,2797744,1,merchant_api,15.14,dev_068476,0,0,0
1331,233,2855895,2839435,5,web,73.1,dev_011383,2,0,0
1332,234,2858960,150424,6,wallet,65.01,dev_437679,2,0,0
1333,234,2858435,1780784,1,wallet,32.07,dev_240952,0,0,0
1334,234,1038930,2161353,1,wallet,52.72,dev_845719,3,2,0
1335,234,152638,351596,5,merchant_api,18.92,dev_544455,3,0,0
1336,234,766835,2520219,10,merchant_api,24.35,dev_596000,3,2,0
1337,234,2136513,974796,1,wallet,14.65,dev_629834,0,0,0
1338,234,2399069,2238016,4,web,76.22,dev_524000,0,3,0
1339,235,2861168,1275078,4,merchant_api,18.1,dev_132803,0,0,0
1340,235,1641451,2861001,5,wallet,93.38,dev_238107,0,2,0
1341,235,1128327,1675522,10,wallet,18.46,dev_042004,0,2,0
1342,235,1518586,924896,3,web,31.77,dev_972011,0,2,0
1343,236,2787319,1435302,5,bank_app,48.56,dev_618155,0,0,0
1344,236,2864024,826162,6,qr_pay,27.15,dev_312547,2,0,0
1345,236,2731014,2863645,4,wallet,25.84,dev_377297,3,0,0
1346,236,2863133,1238484,5,bank_app,23.88,dev_533974,2,3,0
1347,236,1805706,1354780,2,web,64.36,dev_641698,3,0,0
1348,237,1033668,96047,6,web,14.64,dev_800847,0,0,0
1349,237,1912598,26234,10,qr_pay,21.9,dev_568266,0,2,0
1350,237,639758,369272,5,qr_pay,24.76,dev_521094,0,0,0
1351,237,2018235,2865880,10,qr_pay,53.42,dev_458288,2,2,0
1352,237,2318836,2415233,1,web,24.29,dev_520660,0,2,0
1353,238,2868307,2867381,6,merchant_api,135.3,dev_848825,2,2,0
1354,238,2371477,2678409,5,web,21.31,dev_976799,0,2,0
1355,238,1006634,1487006,5,web,19.81,dev_558059,0,0,0
1356,238,2868883,607879,5,web,21.03,dev_952150,2,3,0
1357,238,2301364,802054,1,merchant_api,8.13,dev_604043,0,0,0
1358,238,2865301,182305,10,web,9.65,dev_053486,2,3,0
1359,239,1723437,2724163,5,merchant_api,15.22,dev_483345,0,0,0
1360,239,2215472,2458053,1,wallet,73.87,dev_583489,0,3,0
1361,239,2338968,2338934,1,wallet,25.8,dev_712829,0,0,0
1362,239,59575,259784,5,merchant_api,15.86,dev_401889,0,0,0
1363,239,1834153,1404885,10,merchant_api,73.99,dev_184025,1,2,1
1364,239,1741018,473086,6,wallet,107.35,dev_283031,0,2,0
1365,239,894481,2730544,9,web,104.57,dev_969865,0,2,0
1366,240,2875473,2188463,4,merchant_api,15.68,dev_745795,2,2,0
1367,240,1011442,2875238,3,web,19.97,dev_228055,0,2,0
1368,240,119613,1963277,5,wallet,125.51,dev_660612,0,2,0
1369,240,829028,1501963,9,merchant_api,41.97,dev_871264,3,0,0
1370,240,2333712,2608634,6,bank_app,20.89,dev_422808,0,2,0
1371,240,642973,2282406,10,wallet,46.83,dev_064980,2,2,0
1372,241,2241239,2854084,4,wallet,83.64,dev_972745,0,0,0
1373,241,2374021,2624211,10,bank_app,14.67,dev_586937,2,2,0
1374,241,1916993,1842535,5,bank_app,29.89,dev_733285,3,0,0
1375,241,2379215,1905533,4,wallet,77.78,dev_075838,3,3,0
1376,241,921700,32792,5,bank_app,8.63,dev_844166,0,0,0
1377,241,2029032,775834,5,bank_app,24.81,dev_910700,0,0,0
1378,242,2670489,688031,9,bank_app,12.39,dev_310469,2,0,0
1379,242,1201583,1210804,6,web,10.97,dev_679353,0,0,0
1380,242,2827118,2852728,6,web,16.01,dev_401202,3,2,0
1381,242,1675843,401075,1,web,40.83,dev_939241,3,3,0
1382,242,52831,2279044,6,web,19.89,dev_977016,0,2,0
1383,242,2433649,2110461,4,bank_app,18.85,dev_166970,2,0,0
1384,242,2407777,2826940,5,qr_pay,25.7,dev_919510,0,2,0
1385,242,1004554,1298866,4,bank_app,12.03,dev_168899,0,2,0
1386,242,2148135,2836905,5,qr_pay,36.09,dev_438704,0,2,0
1387,243,1831787,719126,4,qr_pay,93.53,dev_412526,0,2,0
1388,243,81081,1270521,1,merchant_api,24.75,dev_143891,3,0,0
1389,243,2881689,1283904,4,qr_pay,28.15,dev_971884,0,2,0
1390,243,819487,1946849,5,web,34.33,dev_202239,3,1,1
1391,243,1007659,1224271,5,web,3.95,dev_588845,0,3,0
1392,243,2881481,2067316,3,bank_app,50.56,dev_483882,2,2,0
1393,243,2228368,355206,5,web,400.09,dev_304191,3,0,0
1394,243,2882307,1982185,6,merchant_api,23.8,dev_527636,3,2,0
1395,243,2519578,875008,5,web,22.04,dev_344845,0,3,0
1396,243,639410,2882434,3,bank_app,60.9,dev_338233,0,2,0
1397,244,1776259,2887061,5,merchant_api,107.86,dev_253286,2,2,0
1398,244,2885856,707852,5,merchant_api,59.0,dev_234804,3,0,0
1399,244,1374356,2886342,5,merchant_api,3.53,dev_577786,3,0,0
1400,244,1087116,1101025,5,merchant_api,40.73,dev_369818,3,0,0
1401,244,2886026,2885648,1,wallet,269.01,dev_784459,3,2,0
1402,245,472976,2572162,1,bank_app,46.53,dev_273357,0,2,0
1403,245,377777,858440,4,merchant_api,11.95,dev_691857,0,2,0
1404,245,1794743,1829634,5,wallet,31.62,dev_025463,3,2,0
1405,245,2868208,1983766,4,merchant_api,10.67,dev_792762,2,2,0
1406,245,2428260,1111198,5,wallet,74.41,dev_547394,0,0,0
1407,246,564043,2048969,1,qr_pay,11.24,dev_431600,0,2,0
1408,246,2891937,892893,5,bank_app,26.23,dev_157667,2,2,0
1409,246,1495413,828138,4,wallet,15.61,dev_277720,0,3,0
1410,246,2890657,310934,4,wallet,20.66,dev_871346,2,2,0
1411,246,2006032,2591826,1,qr_pay,101.24,dev_952266,3,0,0
1412,246,1109946,2891925,5,bank_app,26.93,dev_095505,3,2,0
1413,246,1134902,593981,4,wallet,20.42,dev_539373,0,3,0
1414,246,171723,811920,5,bank_app,8.75,dev_127618,0,3,0
1415,246,2890220,559637,5,bank_app,4.55,dev_922365,2,0,0
1416,246,1551667,2543431,6,qr_pay,8.62,dev_403116,3,2,0
1417,247,988473,1345965,6,web,29.39,dev_560763,0,2,0
1418,247,2352780,1019540,5,qr_pay,59.28,dev_525702,0,0,0
1419,247,2896308,2545790,4,bank_app,20.4,dev_385836,3,2,0
1420,247,750781,1918372,4,bank_app,138.86,dev_709134,0,2,0
1421,247,1671754,2894305,1,web,13.93,dev_804394,0,3,0
1422,247,2894398,433718,6,web,21.45,dev_674468,0,0,0
1423,248,2889114,2882551,6,merchant_api,10.06,dev_746533,2,0,0
1424,248,1145885,1521689,5,web,59.84,dev_376288,3,3,0
1425,248,2875237,2328937,5,web,162.03,dev_090654,2,0,0
1426,248,2375523,2897940,6,merchant_api,5.44,dev_014756,0,2,0
1427,248,2899726,2847064,2,wallet,21.08,dev_154396,2,0,0
1428,248,2026268,2013963,3,bank_app,97.35,dev_887029,0,0,0
1429,248,1471650,2863332,5,web,6.67,dev_001749,0,3,0
1430,248,2793750,2853023,10,web,40.85,dev_218468,0,2,0
1431,248,728363,1053454,5,web,73.65,dev_994236,0,2,0
1432,249,2824459,2902547,4,web,36.25,dev_169207,2,2,0
1433,249,2386915,1159917,4,web,55.44,dev_982074,0,0,0
1434,249,1510700,2100200,6,wallet,129.65,dev_497879,2,0,0
1435,249,2902423,522511,5,merchant_api,141.68,dev_334060,2,3,0
1436,249,871370,934372,5,merchant_api,23.2,dev_884135,3,3,0
1437,249,142624,2901413,1,wallet,16.46,dev_907526,0,3,0
1438,249,2588111,2269521,10,merchant_api,10.72,dev_266042,2,3,0
1439,249,2198932,2901931,3,qr_pay,75.13,dev_361733,3,2,0
1440,249,2818478,2902668,4,web,9.83,dev_123620,0,2,0
1441,249,2560891,2900311,11,wallet,21.17,dev_347572,2,0,0
1442,250,2202948,713981,1,bank_app,29.15,dev_925887,0,0,0
1443,250,1214536,2122749,4,merchant_api,21.48,dev_471108,0,2,0
1444,250,271729,1199535,6,bank_app,34.19,dev_933439,0,2,0
1445,251,1015553,2906384,5,bank_app,246.67,dev_890979,0,2,0
1446,251,2056731,1988981,5,bank_app,21.99,dev_030542,0,0,0
1447,252,838777,2911327,6,web,17.96,dev_808292,3,2,0
1448,252,840061,2611635,10,qr_pay,61.18,dev_490120,2,2,0
1449,252,1007086,13670,11,web,32.97,dev_606109,3,3,0
1450,252,2891866,2466886,5,qr_pay,89.6,dev_951528,2,0,0
1451,252,2316015,497939,4,bank_app,39.18,dev_805156,2,0,0
1452,252,577611,205269,3,wallet,24.94,dev_863281,0,0,0
1453,252,1757110,2911314,1,web,5.34,dev_726112,0,2,0
1454,252,2667114,1124510,5,qr_pay,5.71,dev_648631,2,3,0
1455,252,118407,910552,4,bank_app,6.47,dev_831824,3,3,0
1456,253,2912284,2105418,4,qr_pay,47.53,dev_606467,0,0,0
1457,253,2914705,729032,7,wallet,8.45,dev_553424,2,2,0
1458,253,695097,2743439,5,web,75.95,dev_171289,0,3,0
1459,253,2711359,2914740,5,web,25.21,dev_294757,2,3,0
1460,253,1691088,2487280,6,merchant_api,21.33,dev_037560,0,2,0
1461,253,2911450,2336800,9,qr_pay,15.81,dev_047621,2,0,0
1462,253,2910377,974144,4,qr_pay,59.15,dev_299650,3,2,0
1463,253,2796355,2648429,3,bank_app,15.12,dev_379906,3,2,0
1464,254,2917069,2890002,1,wallet,10.95,dev_381143,0,0,0
1465,254,2903576,2780239,10,merchant_api,71.49,dev_437010,2,2,0
1466,254,925421,1634398,6,wallet,36.57,dev_922765,3,2,0
1467,254,1240817,24384,6,wallet,21.51,dev_809030,0,0,0
1468,254,2916563,1881724,1,wallet,47.34,dev_852881,2,2,0
1469,254,1931001,1932204,6,wallet,26.79,dev_792912,3,2,0
1470,254,2438651,2915848,5,merchant_api,34.63,dev_550283,0,2,0
1471,254,2913403,1352732,10,merchant_api,11.76,dev_195470,2,3,0
1472,255,2917766,2341677,5,wallet,158.12,dev_913998,2,3,0
1473,255,2898352,2919806,6,bank_app,15.77,dev_984735,3,2,0
1474,255,2534521,2917707,1,bank_app,107.81,dev_845485,2,2,0
1475,255,747668,250068,6,bank_app,22.42,dev_717286,0,2,0
1476,255,248205,1417563,5,wallet,50.72,dev_563351,0,0,0
1477,255,2918851,2700040,2,qr_pay,55.75,dev_448565,2,0,0
1478,255,2919459,2633281,5,wallet,68.87,dev_439655,3,2,0
1479,256,2921340,119668,5,bank_app,11.51,dev_491498,2,3,0
1480,256,2406103,749249,5,bank_app,64.59,dev_432919,0,0,0
1481,256,2917669,1271498,10,bank_app,129.26,dev_045340,2,3,0
1482,256,2920549,2776794,1,qr_pay,21.06,dev_734538,3,2,0
1483,257,2901319,1093450,6,web,27.42,dev_093605,3,2,0
1484,257,1854632,490975,6,web,16.59,dev_030365,0,0,0
1485,257,821458,2434564,4,bank_app,24.73,dev_316000,3,2,0
1486,257,2253174,1959955,5,qr_pay,114.47,dev_907463,0,1,1
1487,258,722120,2923312,1,merchant_api,10.76,dev_136752,3,2,0
1488,258,1676733,1145984,3,bank_app,13.36,dev_077331,0,2,0
1489,258,489634,1236612,4,qr_pay,144.0,dev_805876,0,0,0
1490,258,1938959,1618938,3,bank_app,54.71,dev_392531,2,0,0
1491,258,676985,71372,5,web,165.39,dev_608697,3,3,0
1492,258,1879993,2924650,5,web,16.36,dev_364006,0,2,0
1493,258,2478426,1411904,6,merchant_api,29.77,dev_838814,0,2,0
1494,258,1707658,2916892,1,merchant_api,14.66,dev_885448,2,2,0
1495,258,2457258,2853842,4,qr_pay,38.44,dev_808890,3,2,0
1496,258,2923031,1285680,10,web,4.97,dev_923496,0,3,0
1497,259,2926619,2256268,5,merchant_api,45.44,dev_086662,3,2,0
1498,259,2470739,2926397,10,merchant_api,32.82,dev_217460,2,2,0
1499,259,2387202,2919891,5,merchant_api,23.29,dev_370537,0,2,0
1500,259,2160756,2925952,5,merchant_api,17.26,dev_916961,2,2,0
1501,259,813868,1496640,4,web,15.1,dev_038071,0,3,0
1502,259,44505,413258,5,merchant_api,47.23,dev_360014,0,3,0
1503,260,2928032,2168487,5,wallet,8.55,dev_985481,2,0,0
1504,260,2265631,2928176,5,wallet,38.89,dev_141199,3,2,0
1505,260,2927616,479605,5,wallet,158.7,dev_416929,2,2,0
1506,260,2928326,738318,5,wallet,93.41,dev_422551,2,0,0
1507,260,1058595,1103798,6,bank_app,6.86,dev_838632,0,0,0
1508,260,1726431,2928460,1,bank_app,16.39,dev_647499,3,2,0
1509,261,811366,2647979,4,wallet,49.37,dev_481533,0,2,0
1510,261,571970,1565673,4,wallet,31.71,dev_567141,0,3,0
1511,261,2753448,140191,10,bank_app,6.96,dev_464375,0,3,0
1512,261,2926916,1040620,10,bank_app,34.7,dev_378078,3,2,0
1513,261,2635938,2929928,1,qr_pay,26.34,dev_525426,3,2,0
1514,262,2931479,2749339,6,web,148.84,dev_763323,0,2,0
1515,262,2920303,2018969,5,qr_pay,19.53,dev_619012,2,2,0
1516,262,2931860,27536,5,qr_pay,70.19,dev_661338,3,3,0
1517,262,2931349,1545924,5,qr_pay,7.84,dev_978680,0,3,0
1518,262,1807250,3696679,4,bank_app,13.39,dev_112173,3,2,0
1519,262,2787250,2930753,5,qr_pay,46.97,dev_163684,2,2,0
1520,262,2457858,2391826,5,qr_pay,65.06,dev_397994,0,2,0
1521,262,2930212,2862088,4,bank_app,14.27,dev_432552,0,0,0
1522,262,756736,2930567,4,bank_app,34.52,dev_308921,2,2,0
1523,262,1717958,1373366,4,bank_app,9.74,dev_624238,0,2,0
1524,263,1136165,1997693,4,qr_pay,28.7,dev_743214,0,0,0
1525,263,1695738,1708135,4,qr_pay,71.75,dev_421503,0,0,0
1526,263,2062405,2933136,5,web,16.59,dev_263601,0,3,0
1527,263,2931732,891134,1,merchant_api,21.24,dev_157928,0,3,0
1528,263,400747,1321190,5,web,8.87,dev_675394,0,0,0
1529,263,1256809,1271581,5,web,13.69,dev_913816,3,2,0
1530,264,930659,298134,5,merchant_api,119.38,dev_009990,0,0,0
1531,264,2745862,2934993,4,web,36.08,dev_525243,2,2,0
1532,264,791669,2934523,9,web,13.71,dev_305439,0,2,0
1533,264,2759145,2934110,6,wallet,20.02,dev_171695,2,2,0
1534,265,1682253,2063952,4,merchant_api,8.02,dev_897114,3,0,0
1535,265,2579112,1380180,4,merchant_api,13.56,dev_953681,3,0,0
1536,265,2386118,2936403,6,bank_app,90.41,dev_924754,0,0,0
1537,265,1374652,814640,4,merchant_api,29.72,dev_502162,2,0,0
1538,265,734833,805634,10,wallet,134.51,dev_336458,0,3,0
1539,265,2703818,2771420,5,wallet,22.52,dev_371908,0,2,0
1540,265,68272,284277,5,wallet,23.75,dev_884708,0,3,0
1541,265,422984,1596420,4,merchant_api,60.15,dev_196763,3,2,0
1542,266,305270,1773069,9,wallet,3.05,dev_506673,3,3,0
1543,266,2049631,971677,3,merchant_api,37.5,dev_952401,0,3,0
1544,266,2937238,1300254,1,qr_pay,25.43,dev_085605,0,3,0
1545,266,2938289,2246220,5,bank_app,93.45,dev_563724,0,2,0
1546,266,2349509,2937024,1,qr_pay,63.32,dev_097478,0,3,0
1547,267,991245,174356,1,web,9.58,dev_047580,0,0,0
1548,267,2939746,288104,4,bank_app,103.33,dev_898603,3,2,0
1549,267,1282566,1401135,5,qr_pay,19.37,dev_851004,3,0,0
1550,267,1883708,791992,4,bank_app,14.97,dev_310215,2,0,0
1551,268,1836355,2941863,5,web,29.29,dev_624774,0,2,0
1552,268,2940775,207557,5,web,20.44,dev_219736,0,0,0
1553,268,688162,37383,1,merchant_api,106.13,dev_137618,0,0,0
1554,268,2562145,2257106,4,qr_pay,45.9,dev_352367,0,3,0
1555,268,2095971,920807,5,web,29.52,dev_048805,2,3,0
1556,269,1982563,2637698,10,merchant_api,55.18,dev_737509,2,2,0
1557,270,2944705,2244738,1,bank_app,71.06,dev_060891,2,2,0
1558,271,2002850,2710173,1,qr_pay,53.8,dev_200828,0,0,0
1559,271,775165,985811,4,wallet,121.21,dev_662960,3,2,0
1560,271,2010836,517162,6,qr_pay,45.96,dev_941436,0,0,0
1561,272,2003813,1630581,5,qr_pay,28.53,dev_634795,2,3,0
1562,272,1903674,1465607,4,bank_app,103.05,dev_285088,0,0,0
1563,272,735354,28075,5,qr_pay,22.61,dev_172875,0,0,0
1564,272,2948425,1378322,1,web,27.38,dev_543294,0,0,0
1565,273,2949081,2279887,5,web,115.52,dev_488924,0,2,0
1566,273,2934868,2950421,4,qr_pay,145.44,dev_444083,2,3,0
1567,273,2949729,1179180,5,web,24.35,dev_684823,2,3,0
1568,273,2949413,1682364,5,web,16.31,dev_942199,2,2,0
1569,273,2870666,2950348,10,web,91.55,dev_639188,3,2,0
1570,273,2950542,365991,4,qr_pay,69.43,dev_718690,2,0,0
1571,273,2950748,1453928,4,qr_pay,44.88,dev_195837,2,0,0
1572,274,2158443,2950926,5,merchant_api,18.36,dev_358690,2,2,0
1573,274,2309627,2951269,10,merchant_api,33.07,dev_043059,0,3,0
1574,275,2121134,858383,4,merchant_api,33.13,dev_776804,0,3,0
1575,275,2954132,1927900,6,bank_app,14.62,dev_496048,2,2,0
1576,275,2954126,1999750,4,merchant_api,37.95,dev_242003,2,2,0
1577,276,2955060,2492786,4,wallet,42.9,dev_164075,0,2,0
1578,276,1938022,2651114,4,wallet,24.1,dev_421603,2,0,0
1579,276,2954415,2582633,4,wallet,76.21,dev_628263,2,0,0
1580,276,1111648,2794255,5,bank_app,78.25,dev_872514,0,0,0
1581,276,2945241,2930826,1,qr_pay,63.62,dev_041783,0,2,0
1582,277,185870,465453,5,qr_pay,19.13,dev_577318,0,2,0
1583,277,1377639,486150,5,qr_pay,48.44,dev_665010,0,3,0
1584,277,289029,1585587,1,web,28.51,dev_487048,0,2,0
1585,277,2360817,2181987,1,web,8.74,dev_954208,0,3,0
1586,277,2890875,1919768,6,web,48.69,dev_935453,3,0,0
1587,278,2105258,309849,11,merchant_api,30.31,dev_824588,2,2,0
1588,278,73704,2163120,6,merchant_api,274.29,dev_878536,3,2,0
1589,278,2960378,2583943,5,web,91.06,dev_293113,3,0,0
1590,278,2958630,2183701,6,merchant_api,50.4,dev_581155,2,2,0
1591,279,2961909,2235007,5,merchant_api,30.7,dev_235088,2,0,0
1592,279,386020,2962170,1,wallet,30.79,dev_351275,3,3,0
1593,279,30459,1564817,3,qr_pay,12.64,dev_845820,3,2,0
1594,279,2850742,2815528,4,web,7.06,dev_572971,2,3,0
1595,279,1001362,2107564,5,merchant_api,11.19,dev_799372,0,2,0
1596,279,2710361,2961391,4,web,32.36,dev_361127,3,0,0
1597,279,2608468,1894083,4,web,5.08,dev_968549,0,3,0
1598,280,9741,1233438,4,merchant_api,20.7,dev_836900,0,2,0
1599,280,2961690,1489949,10,wallet,19.63,dev_152155,2,0,0
1600,280,2837751,2962817,10,wallet,20.21,dev_709496,0,2,0
1601,281,222242,2965381,5,bank_app,13.52,dev_024925,0,2,0
1602,281,992504,954999,1,qr_pay,19.54,dev_076073,0,3,0
1603,281,2346038,194921,5,bank_app,115.76,dev_998155,2,0,0
1604,282,720140,379043,5,qr_pay,44.52,dev_138321,0,2,0
1605,282,2964628,320141,5,qr_pay,14.82,dev_816810,2,0,0
1606,282,2966817,2956256,4,bank_app,31.77,dev_097240,2,2,0
1607,282,1928501,1492541,5,qr_pay,23.92,dev_053486,0,3,0
1608,282,2493608,2245812,6,web,13.31,dev_681758,3,0,0
1609,282,1673924,242534,5,qr_pay,12.28,dev_549503,0,3,0
1610,282,2395847,327764,4,bank_app,83.89,dev_953865,2,3,0
1611,283,79885,1139136,4,qr_pay,23.15,dev_663358,3,0,0
1612,283,2384560,219176,5,web,9.16,dev_113487,3,0,0
1613,283,2089701,2969711,5,web,23.6,dev_322632,2,2,0
1614,283,1009410,71371,5,web,27.28,dev_959630,0,0,0
1615,283,2937295,2969247,6,merchant_api,4.5,dev_418514,2,2,0
1616,283,2966042,998723,9,qr_pay,32.57,dev_477470,3,3,0
1617,283,2536882,2969764,6,merchant_api,58.04,dev_248453,2,2,0
1618,284,454612,2970778,1,wallet,39.89,dev_055472,3,0,0
1619,284,2950741,1960278,1,wallet,197.71,dev_629598,0,2,0
1620,285,885850,415851,5,wallet,75.64,dev_873759,2,0,0
1621,285,2973047,104063,3,web,114.9,dev_824754,0,3,0
1622,285,2763314,2361927,6,bank_app,330.33,dev_423816,2,2,0
1623,286,2974808,2494854,5,bank_app,48.54,dev_313538,3,0,0
1624,286,2973894,2576117,9,wallet,39.13,dev_591999,2,2,0
1625,286,2725595,2975041,1,qr_pay,63.84,dev_542519,0,2,0
1626,286,1402425,2974033,4,wallet,20.42,dev_577546,0,2,0
1627,287,427475,2449598,4,bank_app,37.22,dev_858672,3,2,0
1628,287,2366537,2001116,5,qr_pay,13.7,dev_952109,3,0,0
1629,287,248067,450132,5,qr_pay,35.1,dev_835443,0,1,1
1630,287,2272270,2976344,1,web,14.78,dev_447135,0,2,0
1631,287,2976007,2151552,4,bank_app,18.21,dev_039457,0,0,0
1632,288,2481387,180522,6,merchant_api,38.56,dev_946539,0,3,0
1633,289,1792220,2614731,4,web,29.85,dev_158242,3,0,0
1634,289,2034831,1124752,6,wallet,4.69,dev_610007,0,2,0
1635,289,2187687,2979493,9,web,9.12,dev_705309,0,2,0
1636,289,2470159,1070531,10,merchant_api,8.74,dev_400783,2,3,0
1637,289,2978492,2532601,5,merchant_api,11.08,dev_544050,2,2,0
1638,289,2516404,1400529,5,merchant_api,35.62,dev_060588,0,3,0
1639,290,2981503,1164797,5,wallet,29.88,dev_629917,2,2,0
1640,290,2854734,2671115,4,merchant_api,88.12,dev_520565,3,0,0
1641,290,2981487,230415,3,web,61.41,dev_424248,3,2,0
1642,290,2052782,2980838,5,wallet,64.37,dev_749586,0,0,0
1643,290,2980358,2459988,4,merchant_api,58.41,dev_522562,2,2,0
1644,291,2983377,2655544,4,wallet,40.8,dev_806382,0,2,0
1645,291,2687647,1977387,5,bank_app,65.98,dev_617786,0,2,0
1646,291,2982451,2442651,4,wallet,77.28,dev_779751,2,2,0
1647,291,2450000,1565183,2,web,40.39,dev_326926,2,0,0
1648,291,2981229,1543169,10,bank_app,77.01,dev_237690,0,2,0
1649,292,218703,421456,1,web,3.22,dev_463104,0,0,0
1650,292,2984999,1323381,4,bank_app,26.01,dev_699642,3,0,0
1651,292,1470487,1507309,4,bank_app,25.66,dev_039593,0,0,0
1652,292,2981311,1044952,6,web,74.99,dev_579437,2,2,0
1653,292,1558477,946141,5,qr_pay,100.91,dev_348140,2,3,0
1654,292,2662599,2028169,11,web,7.21,dev_765203,3,2,0
1655,292,2984736,2378631,1,web,94.64,dev_789074,3,2,0
1656,292,2983340,188337,4,bank_app,11.77,dev_746690,2,3,0
1657,293,1045930,1305870,5,web,8.78,dev_925292,2,2,0
1658,293,2987167,864098,5,web,19.87,dev_964620,2,0,0
1659,293,1305564,1305454,1,merchant_api,19.96,dev_086384,3,3,0
1660,293,1752579,651747,4,qr_pay,8.31,dev_263044,0,2,0
1661,293,2985962,2197208,2,wallet,51.67,dev_320801,2,2,0
1662,293,2984084,2279387,11,merchant_api,48.98,dev_616446,0,2,0
1663,293,1239409,2196579,6,merchant_api,68.62,dev_559700,0,2,0
1664,294,907526,2723636,4,web,22.87,dev_182786,0,0,0
1665,294,2986935,2324469,9,web,32.6,dev_912387,2,0,0
1666,294,2247203,2900273,4,web,32.87,dev_191185,2,2,0
1667,294,2987942,2710205,4,web,154.35,dev_796408,3,2,0
1668,295,1572322,2990475,5,wallet,1.91,dev_177148,0,2,0
1669,295,1120358,1301254,3,web,13.18,dev_346513,3,3,0
1670,295,2990916,2579812,5,wallet,24.66,dev_943981,2,0,0
1671,295,1747779,2990597,4,merchant_api,12.72,dev_121777,0,2,0
1672,295,2990841,2788348,4,merchant_api,26.78,dev_671158,2,3,0
1673,295,2207658,644992,5,wallet,21.9,dev_623529,2,0,0
1674,296,1988945,1405193,5,bank_app,13.57,dev_127287,2,2,0
1675,296,566207,2878974,4,wallet,35.8,dev_479361,3,2,0
1676,297,2416073,1306638,4,bank_app,59.46,dev_222742,2,0,0
1677,297,1915725,2050440,10,qr_pay,19.83,dev_502750,2,2,0
1678,297,98571,761268,4,bank_app,22.47,dev_056911,3,0,0
1679,297,1541725,2321187,1,web,22.89,dev_637456,3,2,0
1680,298,1416911,2248788,4,qr_pay,33.56,dev_031789,0,2,0
1681,298,1714713,161552,5,web,5.12,dev_576601,0,3,0
1682,299,2997474,346610,4,web,51.18,dev_356326,2,3,0
1683,299,2997799,2930628,1,wallet,17.71,dev_844648,0,2,0
1684,299,2997468,2667369,5,merchant_api,76.35,dev_237629,0,0,0
1685,299,2998087,2643053,4,web,57.51,dev_866431,0,0,0
1686,299,1494678,2064647,6,wallet,76.18,dev_330594,0,2,0
1687,299,1868858,1812761,10,merchant_api,9.88,dev_481790,2,3,0
1688,300,3000052,1376035,6,bank_app,19.02,dev_690039,2,0,0
1689,300,1170580,861211,1,bank_app,8.69,dev_424888,0,0,0
1690,300,1068994,2612728,6,bank_app,14.09,dev_860484,2,0,0
1691,300,2998937,1906509,3,web,96.24,dev_994983,2,2,0
1692,300,2999074,3698135,5,wallet,93.57,dev_042157,3,2,0
1693,300,705917,1048959,1,bank_app,9.46,dev_514554,0,0,0
1694,300,2997413,1202367,10,wallet,16.24,dev_629630,2,2,0
1695,300,2509084,2181396,6,bank_app,24.81,dev_038361,3,2,0
1696,301,2845504,3002183,3,merchant_api,52.83,dev_380358,3,2,0
1697,301,383623,1991146,1,qr_pay,5.45,dev_845824,2,0,0
1698,302,3002574,1088983,4,bank_app,7.98,dev_650772,0,0,0
1699,302,1565111,3003074,1,web,41.29,dev_634452,0,2,0
1700,302,1935013,2012452,6,web,4.6,dev_602611,2,2,0
1701,302,864738,1014491,4,bank_app,22.6,dev_403137,3,3,0
1702,302,2966706,1762081,4,bank_app,39.09,dev_142925,0,2,0
1703,303,314160,314349,5,web,35.66,dev_907657,3,3,0
1704,303,2983912,2799153,4,qr_pay,29.74,dev_089800,3,0,0
1705,304,2555621,143049,4,web,24.31,dev_745027,0,3,0
1706,304,2328282,2560541,6,wallet,56.83,dev_938686,2,2,0
1707,304,2944946,1857215,5,merchant_api,31.71,dev_818251,0,2,0
1708,305,3007897,1860524,5,wallet,13.7,dev_601249,2,0,0
1709,305,1300553,492833,6,bank_app,27.49,dev_235290,0,2,0
1710,305,3008380,1150681,4,merchant_api,47.7,dev_229571,2,0,0
1711,306,2124935,1172898,5,bank_app,115.17,dev_861717,0,0,0
1712,306,2136923,57428,5,bank_app,49.78,dev_880078,0,3,0
1713,306,433370,280311,3,merchant_api,93.05,dev_525452,2,0,0
1714,306,2427518,564344,6,qr_pay,15.34,dev_041135,0,2,0
1715,306,1260200,2339239,6,qr_pay,16.58,dev_668863,0,2,0
1716,307,2292083,876207,4,bank_app,27.33,dev_395660,3,3,0
1717,307,1462745,81410,6,web,23.35,dev_336458,0,2,0
1718,308,2513640,3013472,1,merchant_api,10.73,dev_610077,3,2,0
1719,308,3011004,1870514,10,web,76.66,dev_131369,2,0,0
1720,308,1426997,1430011,5,web,54.33,dev_865247,0,3,0
1721,309,649335,1297592,10,merchant_api,18.63,dev_700176,3,2,0
1722,309,3013078,2950905,10,merchant_api,43.71,dev_941085,2,2,0
1723,309,2013551,1446439,6,wallet,32.48,dev_724400,3,3,0
1724,309,1822087,1882457,1,wallet,50.8,dev_099713,0,2,0
1725,309,2113548,2883031,5,merchant_api,7.32,dev_715715,0,2,0
1726,310,443048,449328,4,merchant_api,29.63,dev_030970,0,0,0
1727,310,2992015,2403806,5,wallet,23.28,dev_520320,2,2,0
1728,310,1075984,3017879,4,merchant_api,59.22,dev_086502,3,2,0
1729,310,1196632,2301442,5,wallet,13.94,dev_879873,2,2,0
1730,311,1153053,1098582,5,bank_app,2.59,dev_475065,0,2,0
1731,312,1283937,1947769,10,qr_pay,9.27,dev_400166,0,0,0
1732,312,1738134,2209379,6,web,25.16,dev_285481,0,0,0
1733,312,2391042,2470301,6,web,28.15,dev_459827,0,0,0
1734,312,3022117,1057335,4,bank_app,153.76,dev_079551,2,0,0
1735,313,1338482,1676526,1,merchant_api,44.9,dev_239996,2,0,0
1736,314,1516072,1766225,10,merchant_api,26.4,dev_806448,0,2,0
1737,314,1915001,2214722,4,web,32.81,dev_912177,2,2,0
1738,314,1928732,1180969,5,merchant_api,66.27,dev_275183,2,3,0
1739,314,669768,3025446,4,web,19.86,dev_834959,0,2,0
1740,314,2576251,2821289,4,web,29.78,dev_574140,0,3,0
1741,314,736751,3026704,4,web,12.68,dev_502672,0,0,0
1742,315,3025277,1224840,5,wallet,87.97,dev_424748,2,3,0
1743,315,3028107,1411846,5,wallet,34.93,dev_664755,2,2,0
1744,315,3022410,371390,9,merchant_api,17.87,dev_424988,2,0,0
1745,315,1036035,2689042,4,merchant_api,30.48,dev_197364,0,0,0
1746,315,2132808,1239271,1,bank_app,42.04,dev_461571,2,3,0
1747,315,2571431,2571253,1,bank_app,21.21,dev_513932,0,2,0
1748,315,433454,546897,4,merchant_api,20.88,dev_684667,0,2,0
1749,315,2535581,1252726,5,wallet,13.61,dev_938504,0,3,0
1750,315,2834987,1559706,5,wallet,33.28,dev_244522,2,2,0
1751,316,3006747,1378497,1,qr_pay,19.25,dev_591467,2,2,0
1752,316,2567235,2977295,5,bank_app,16.31,dev_182716,0,2,0
1753,316,2022013,2500566,4,wallet,10.15,dev_589450,2,2,0
1754,316,1098829,3029681,1,qr_pay,28.5,dev_049350,0,0,0
1755,316,3029514,2883711,4,wallet,28.7,dev_041199,0,2,0
1756,317,2673912,2019806,4,bank_app,25.29,dev_153323,2,2,0
1757,317,3031976,72583,1,web,31.78,dev_854611,0,3,0
1758,317,3026431,967574,4,bank_app,66.23,dev_256600,3,3,0
1759,317,3031470,2739226,4,bank_app,63.52,dev_139147,2,0,0
1760,317,2592469,540862,5,qr_pay,40.34,dev_098902,3,0,0
1761,317,2576350,1302101,5,qr_pay,19.75,dev_993251,0,3,0
1762,317,1255922,427126,5,qr_pay,14.73,dev_484313,0,0,0
1763,317,395412,950216,4,bank_app,13.2,dev_333287,3,3,0
1764,317,1623929,944280,5,qr_pay,14.38,dev_748760,3,0,0
1765,317,2435144,3032228,6,web,27.05,dev_832296,3,2,0
1766,318,23838,2926394,10,web,12.09,dev_791539,0,2,0
1767,318,1695002,762348,5,web,26.75,dev_808556,3,0,0
1768,318,325523,34598,5,web,10.29,dev_127978,0,2,0
1769,319,3035675,3035678,4,web,7.58,dev_579564,2,2,0
1770,319,3034687,2575090,5,merchant_api,51.29,dev_159800,2,2,0
1771,319,2137732,466853,1,wallet,17.34,dev_711286,2,2,0
1772,319,98737,1571723,5,merchant_api,11.55,dev_569569,0,3,0
1773,319,2552771,1441142,4,web,12.62,dev_066859,0,2,0
1774,319,3035591,2423557,4,web,49.44,dev_336438,0,3,0
1775,319,1236937,273487,5,merchant_api,84.56,dev_040339,3,3,0
1776,319,1849014,2164486,5,merchant_api,17.07,dev_852877,3,3,0
1777,319,701752,1846512,4,web,27.83,dev_713976,0,2,0
1778,320,2893666,2076397,5,wallet,64.36,dev_585499,2,0,0
1779,320,3035057,187680,9,merchant_api,6.62,dev_000537,2,0,0
1780,320,2371752,1311855,4,merchant_api,198.38,dev_786185,0,0,0
1781,320,834915,3037174,9,merchant_api,304.81,dev_963999,3,2,0
1782,320,1051594,1128589,4,merchant_api,2.96,dev_198483,0,3,0
1783,321,294774,2798785,1,qr_pay,24.34,dev_518672,2,3,0
1784,321,1230794,2423587,6,qr_pay,13.91,dev_067514,0,2,0
1785,322,3040557,754468,5,qr_pay,19.33,dev_418421,2,2,0
1786,322,2410778,2619137,5,qr_pay,16.83,dev_584790,3,2,0
1787,322,1950449,2335898,4,bank_app,70.15,dev_638391,0,2,0
1788,323,3042902,1580704,1,merchant_api,24.02,dev_109526,0,0,0
1789,323,1345901,168291,5,web,10.81,dev_469685,0,3,0
1790,323,3041585,2742156,4,qr_pay,28.93,dev_529804,2,0,0
1791,323,3041779,2216734,5,web,38.99,dev_671206,2,2,0
1792,324,193096,2514464,5,merchant_api,8.45,dev_469632,3,0,0
1793,324,3011072,2645220,6,wallet,6.04,dev_146425,3,2,0
1794,324,3044564,122307,5,merchant_api,147.45,dev_184806,2,3,0
1795,325,3045963,2049434,6,bank_app,14.91,dev_245786,3,2,0
1796,325,2466669,2472645,1,bank_app,23.49,dev_890591,0,2,0
1797,326,145632,117393,5,bank_app,17.15,dev_762864,0,3,0
1798,326,209112,726190,1,qr_pay,43.52,dev_090653,0,3,0
1799,326,3048301,2632734,4,wallet,166.59,dev_531252,2,3,0
1800,326,2611558,3048754,1,qr_pay,44.79,dev_276535,3,2,0
1801,327,3048719,1241650,5,qr_pay,6.26,dev_517802,0,3,0
1802,327,264015,2721358,5,qr_pay,7.06,dev_729816,3,3,0
1803,327,1704997,2509063,4,bank_app,23.59,dev_044597,0,0,0
1804,327,321188,148714,5,qr_pay,19.27,dev_145058,3,2,0
1805,327,3049609,2206138,4,bank_app,7.17,dev_050417,2,2,0
1806,327,494865,3049395,4,bank_app,70.63,dev_069533,0,2,0
1807,327,3049331,2089676,1,web,10.0,dev_122257,2,2,0
1808,328,3030913,3052702,1,merchant_api,101.9,dev_535508,0,3,0
1809,329,1293514,2845519,4,web,173.92,dev_801985,0,0,0
1810,329,3054492,2542507,1,wallet,21.25,dev_628091,3,0,0
1811,329,2866025,3054357,1,wallet,39.45,dev_394662,3,2,0
1812,330,2889654,3055945,5,wallet,8.1,dev_084667,3,2,0
1813,330,2872380,3056220,1,bank_app,46.59,dev_257731,0,0,0
1814,330,229335,2275427,10,wallet,15.67,dev_089548,0,2,0
1815,330,1944251,3048794,4,merchant_api,12.7,dev_977911,2,2,0
1816,330,2422103,3055978,6,bank_app,20.48,dev_267888,2,2,0
1817,330,1693057,2238068,10,wallet,16.13,dev_623972,0,2,0
1818,331,1947663,2376256,10,bank_app,18.31,dev_677454,2,2,0
1819,331,1063028,1522172,6,qr_pay,62.47,dev_984213,0,2,0
1820,331,108457,2530066,5,bank_app,12.1,dev_573969,0,3,0
1821,331,978387,2948935,9,wallet,161.02,dev_702475,0,2,0
1822,331,3057753,439466,2,web,8.74,dev_995476,2,0,0
1823,331,2210548,1781547,3,merchant_api,133.47,dev_955233,0,2,0
1824,331,1199090,858376,4,wallet,13.53,dev_813394,0,2,0
1825,331,3055989,2465348,11,qr_pay,26.55,dev_872262,3,0,0
1826,332,1568791,1423890,4,bank_app,21.73,dev_795685,3,0,0
1827,332,3059905,2385907,5,qr_pay,18.0,dev_775197,3,2,0
1828,332,586984,109270,6,web,54.66,dev_040082,0,3,0
1829,333,1750604,3060779,9,qr_pay,130.3,dev_222000,2,2,0
1830,333,1827961,3061698,10,web,71.63,dev_580600,0,2,0
1831,333,2715351,3061790,9,qr_pay,23.47,dev_448615,2,2,0
1832,333,695474,1168799,3,bank_app,36.81,dev_101324,2,3,0
1833,333,2703376,3060817,5,web,12.14,dev_123285,3,2,0
1834,333,1446363,618736,5,web,10.05,dev_309862,0,0,0
1835,334,526850,514473,4,web,12.04,dev_798371,0,0,0
1836,334,3062034,2769860,1,wallet,17.92,dev_096423,3,0,0
1837,334,1049511,3063435,5,merchant_api,30.71,dev_112812,3,2,0
1838,334,3063262,2563522,4,web,6.05,dev_888168,2,2,0
1839,334,2068130,612550,5,merchant_api,23.53,dev_169748,3,0,0
1840,335,3064236,944653,5,wallet,96.01,dev_472235,2,0,0
1841,335,568087,1948575,3,web,85.6,dev_445242,0,3,0
1842,335,2594988,2062577,10,wallet,14.49,dev_192894,0,2,0
1843,335,1711844,2633312,9,merchant_api,9.61,dev_982151,3,2,0
1844,335,2350199,1480172,1,bank_app,40.2,dev_914117,0,2,0
1845,336,1826832,3067396,4,wallet,4.2,dev_031214,3,2,0
1846,336,710196,1036302,5,bank_app,66.63,dev_908367,0,3,0
1847,336,1115983,2888659,4,wallet,27.88,dev_235202,3,2,0
1848,336,2804856,3065980,1,qr_pay,138.13,dev_864336,0,3,0
1849,336,1154490,3066620,1,qr_pay,5.62,dev_126603,0,0,0
1850,336,1100867,2764484,1,qr_pay,60.72,dev_266440,2,3,0
1851,337,1614063,1981337,5,qr_pay,22.41,dev_993226,0,2,0
1852,337,1700949,1289561,5,qr_pay,18.21,dev_856431,0,2,0
1853,337,2113103,2341162,3,wallet,9.09,dev_510311,0,3,0
1854,337,3066224,1735485,10,qr_pay,41.94,dev_486443,3,2,0
1855,337,2150457,2091179,4,bank_app,62.09,dev_716720,0,2,0
1856,337,2329973,2403937,10,qr_pay,122.32,dev_265836,0,0,0
1857,338,2326060,2332755,5,web,60.78,dev_446260,2,2,0
1858,338,2965826,2697446,1,merchant_api,15.57,dev_584858,3,0,0
1859,339,427509,3071974,5,merchant_api,9.94,dev_169239,0,3,0
1860,339,916501,1104439,5,merchant_api,7.16,dev_587090,0,0,0
1861,339,2982958,1861449,4,web,127.22,dev_813387,0,0,0
1862,339,26283,3072517,5,merchant_api,12.18,dev_690587,3,0,0
1863,339,1402035,2720361,5,merchant_api,92.96,dev_489027,0,3,0
1864,339,319555,3072328,4,web,54.19,dev_735982,0,0,0
1865,339,3072204,694730,5,merchant_api,33.01,dev_262556,3,3,0
1866,339,3070903,2449900,10,merchant_api,18.61,dev_607172,2,2,0
1867,340,1084498,1556857,6,bank_app,48.16,dev_790983,0,2,0
1868,340,3073094,2803296,5,wallet,24.19,dev_751291,2,0,0
1869,340,1053923,1067314,6,bank_app,19.06,dev_991474,3,0,0
1870,340,3074488,2219677,4,merchant_api,63.21,dev_306472,2,2,0
1871,341,2845414,824367,5,bank_app,21.55,dev_871737,3,0,0
1872,341,3075891,1161394,4,wallet,16.47,dev_466079,2,3,0
1873,341,523127,1860303,6,qr_pay,45.6,dev_270777,0,2,0
1874,341,3075362,2201858,5,bank_app,23.16,dev_428240,3,2,0
1875,341,1942546,1392921,4,wallet,52.46,dev_249636,0,0,0
1876,341,245047,3075640,5,bank_app,16.31,dev_869261,2,2,0
1877,342,2148573,1422068,4,bank_app,11.38,dev_345192,0,0,0
1878,342,2330126,1615963,4,bank_app,161.03,dev_041913,3,2,0
1879,342,2864017,3077122,5,qr_pay,98.69,dev_920872,0,0,0
1880,342,315291,635385,2,merchant_api,63.78,dev_355234,0,2,0
1881,342,2851849,3077604,4,bank_app,23.83,dev_988317,3,2,0
1882,342,386620,3078098,9,bank_app,25.78,dev_064585,0,2,0
1883,342,647690,987085,6,web,92.21,dev_672200,0,2,0
1884,342,1002920,747704,3,wallet,22.68,dev_101336,0,3,0
1885,342,1960377,2873627,6,web,15.04,dev_286877,0,2,0
1886,342,3078396,2448060,5,qr_pay,132.29,dev_254685,2,3,0
1887,342,2419457,2378959,4,bank_app,32.37,dev_858694,3,0,0
1888,342,121103,1214661,4,bank_app,165.93,dev_192561,2,0,0
1889,342,3078146,338229,5,qr_pay,6.97,dev_379274,3,2,0
1890,342,2580575,921418,5,qr_pay,39.11,dev_026124,3,0,0
1891,343,2558320,3079646,4,qr_pay,217.89,dev_721055,3,2,0
1892,343,3079758,855714,5,web,25.2,dev_263813,3,0,0
1893,343,1675192,2782934,4,qr_pay,26.64,dev_383964,0,0,0
1894,343,2111544,894884,5,web,8.58,dev_359496,3,0,0
1895,343,2288666,2216222,5,web,64.98,dev_733460,2,0,0
1896,343,559004,2991481,9,qr_pay,16.89,dev_711526,3,0,0
1897,343,1271458,3079074,4,qr_pay,31.02,dev_355378,0,3,0
1898,344,3078668,1369843,10,merchant_api,8.08,dev_714974,2,2,0
1899,344,583097,3082256,11,wallet,107.9,dev_259927,0,3,0
1900,344,2372473,3081976,5,merchant_api,69.37,dev_302776,0,2,0
1901,344,3081123,1213254,1,wallet,25.83,dev_310891,0,0,0
1902,344,3081366,2577539,6,wallet,9.41,dev_370609,2,2,0
1903,345,3078962,833277,5,wallet,97.74,dev_474513,2,3,0
1904,345,178741,2398003,1,bank_app,19.12,dev_125525,3,2,0
1905,345,310171,2036046,1,bank_app,9.83,dev_713209,3,2,0
1906,345,1013380,1325481,3,web,6.39,dev_613827,3,2,0
1907,345,374591,3082531,5,wallet,13.72,dev_735618,0,2,0
1908,345,1225617,2707819,4,merchant_api,9.12,dev_710449,0,2,0
1909,346,3082672,1822539,10,bank_app,14.01,dev_568910,2,2,0
1910,346,3085178,2910993,5,bank_app,47.94,dev_135894,2,2,0
1911,346,1112805,2574458,1,qr_pay,18.96,dev_116611,0,2,0
1912,346,3083976,1035633,5,bank_app,33.79,dev_612462,2,0,0
1913,346,1980071,718155,4,wallet,17.62,dev_072464,0,3,0
1914,347,2394458,3067681,6,web,28.18,dev_859327,2,0,0
1915,347,3085796,2444844,4,bank_app,190.34,dev_196208,2,2,0
1916,347,2553570,2462517,4,bank_app,24.69,dev_511487,0,2,0
1917,347,1292937,681981,5,qr_pay,34.67,dev_866235,0,0,0
1918,347,714074,2466367,4,bank_app,8.26,dev_073129,3,2,0
1919,348,1234226,1051954,3,bank_app,122.5,dev_920791,0,0,0
1920,348,601182,970204,5,web,15.97,dev_298715,0,0,0
1921,348,3087824,1098593,5,web,63.15,dev_781020,2,3,0
1922,349,1837530,1837611,5,merchant_api,21.96,dev_599185,0,0,0
1923,349,1875902,684872,5,merchant_api,42.54,dev_374148,0,2,0
1924,349,1626140,2716080,5,merchant_api,44.88,dev_285083,0,2,0
1925,349,2187503,990948,5,merchant_api,16.33,dev_421038,0,3,0
1926,349,3089625,3077892,5,merchant_api,65.54,dev_730199,2,0,0
1927,350,1089249,2935379,5,wallet,12.39,dev_607258,0,0,0
1928,350,2596520,415757,10,wallet,49.41,dev_743215,0,0,0
1929,350,2227689,298018,5,wallet,17.27,dev_252315,0,3,0
1930,351,2252722,3092569,4,wallet,46.28,dev_766300,3,2,0
1931,351,3092856,2035540,6,qr_pay,17.54,dev_830871,3,2,0
1932,351,3091008,453458,10,bank_app,25.66,dev_669334,2,3,0
1933,351,629335,1009925,4,wallet,12.84,dev_119047,2,3,0
1934,352,1188616,1305941,6,web,33.21,dev_387932,0,3,0
1935,352,1826530,2313045,1,web,27.65,dev_566253,3,2,0
1936,352,3094293,2960422,1,web,16.34,dev_727448,3,0,0
1937,352,143502,841149,5,qr_pay,23.35,dev_402147,0,3,0
1938,353,3096376,2486489,5,web,27.68,dev_059163,2,2,0
1939,353,1195356,853014,6,merchant_api,15.26,dev_813892,3,0,0
1940,353,343906,354483,6,merchant_api,23.67,dev_412470,0,3,0
1941,353,290493,2937733,1,merchant_api,10.75,dev_286746,0,2,0
1942,354,679109,915671,4,web,278.99,dev_798042,0,0,0
1943,354,24501,129882,5,merchant_api,63.64,dev_779613,0,0,0
1944,354,3097599,1067740,3,qr_pay,39.88,dev_093208,2,0,0
1945,354,2022673,640824,5,merchant_api,70.45,dev_385197,0,0,0
1946,354,3096143,1037350,10,merchant_api,4.13,dev_852620,2,0,0
1947,354,2412065,3098187,5,merchant_api,2.45,dev_575551,0,3,0
1948,355,1628424,1754226,5,wallet,17.13,dev_539641,0,2,0
1949,355,415800,2838485,4,merchant_api,9.77,dev_740949,0,2,0
1950,355,1829819,2030948,6,bank_app,21.48,dev_378306,0,0,0
1951,355,2046203,2093880,5,wallet,29.52,dev_194433,0,0,0
1952,355,2916417,3030047,5,wallet,56.17,dev_495743,0,3,0
1953,355,3098372,429732,9,merchant_api,12.13,dev_360958,2,2,0
1954,356,10085,1926587,3,merchant_api,44.69,dev_864142,0,3,0
1955,356,378927,414532,4,wallet,34.22,dev_822525,0,3,0
1956,356,612861,1092200,4,wallet,46.19,dev_677054,0,3,0
1957,356,2846922,2751043,1,qr_pay,16.65,dev_771618,0,2,0
1958,356,2882083,3079709,5,bank_app,85.18,dev_716559,0,2,0
1959,357,2110089,3102105,1,web,24.21,dev_414258,0,2,0
1960,357,350777,1661617,4,bank_app,166.79,dev_930506,2,2,0
1961,358,3102104,2027126,10,web,12.05,dev_175186,2,2,0
1962,358,3086275,1851827,5,web,47.87,dev_040906,2,3,0
1963,358,887749,3103400,9,qr_pay,32.02,dev_712657,3,2,0
1964,358,3032070,890004,5,web,18.27,dev_168989,0,2,0
1965,358,3104223,3019627,4,qr_pay,59.69,dev_741420,0,0,0
1966,358,3059227,3104166,5,web,18.74,dev_599235,0,0,0
1967,358,3093782,2751405,4,qr_pay,3.08,dev_130423,2,1,1
1968,359,3104194,2622778,10,merchant_api,1.56,dev_466986,2,2,0
1969,359,2695058,2933564,6,wallet,83.53,dev_313843,0,2,0
1970,359,1692869,2620611,5,merchant_api,74.23,dev_692020,3,2,0
1971,359,327456,3098975,6,wallet,145.27,dev_403341,3,3,0
1972,359,290989,3105453,4,web,33.26,dev_822579,2,2,0
1973,360,3097593,1220065,4,merchant_api,10.56,dev_860701,0,3,0
1974,360,1603926,2069056,4,merchant_api,23.16,dev_798461,0,3,0
1975,361,1122968,1638778,4,wallet,34.13,dev_451082,0,0,0
1976,361,1888292,1995191,6,qr_pay,10.74,dev_213601,2,3,0
1977,361,1789739,3107435,6,qr_pay,117.18,dev_872081,0,2,0
1978,361,544681,817444,5,bank_app,184.11,dev_491746,0,0,0
1979,361,3108417,1290504,4,wallet,51.96,dev_202406,2,2,0
1980,361,2193867,448920,10,bank_app,24.29,dev_736393,3,0,0
1981,361,2822515,661038,4,wallet,10.53,dev_325799,0,0,0
1982,361,1073608,1049472,6,qr_pay,106.89,dev_230521,0,3,0
1983,361,1412487,1586684,1,qr_pay,28.47,dev_528133,3,0,0
1984,361,1001470,844279,4,wallet,26.04,dev_717043,0,3,0
1985,362,2807433,886148,6,web,40.98,dev_961770,0,0,0
1986,362,1658739,2080840,5,qr_pay,14.48,dev_494149,0,2,0
1987,362,68762,1097283,10,qr_pay,28.0,dev_778303,0,0,0
1988,362,3108785,2497259,1,web,7.26,dev_782645,2,3,0
1989,362,2159632,2264292,4,bank_app,89.87,dev_239324,3,0,0
1990,362,1752154,377363,5,qr_pay,22.33,dev_929455,0,3,0
1991,362,3109464,656001,5,qr_pay,69.61,dev_971008,2,0,0
1992,362,3109488,2541794,4,bank_app,28.19,dev_989458,2,2,0
1993,362,1640745,1305743,4,bank_app,29.89,dev_921771,0,3,0
1994,362,646634,263144,2,merchant_api,9.67,dev_882289,0,3,0
1995,363,3110045,22813,5,web,48.61,dev_589938,2,2,0
1996,363,3108272,3110007,5,web,11.15,dev_536376,2,3,0
1997,363,3104173,2813267,4,qr_pay,21.81,dev_406383,2,0,0
1998,363,3101270,2882986,6,merchant_api,26.6,dev_877942,2,2,0
1999,363,2869150,3111005,3,bank_app,34.78,dev_669720,2,2,0
2000,363,1908026,2350566,5,web,5.28,dev_411225,0,2,0
2001,363,3110168,2255022,5,web,19.93,dev_158789,3,3,0
2002,364,662309,3111363,9,web,69.11,dev_414864,3,2,0
2003,364,1807648,1761616,1,wallet,18.91,dev_724960,0,0,0
2004,364,3112002,965957,5,merchant_api,20.04,dev_310565,3,3,0
2005,364,2884502,3112233,3,qr_pay,36.1,dev_304005,0,3,0
2006,364,2376187,2910526,5,merchant_api,21.9,dev_133308,0,0,0
2007,364,2873455,1663531,5,merchant_api,9.7,dev_546072,0,0,0
2008,364,509830,292553,5,merchant_api,23.74,dev_129320,0,3,0
2009,364,725206,1754950,5,merchant_api,60.02,dev_552559,3,3,0
2010,364,1904978,3039537,5,merchant_api,9.53,dev_579306,0,3,0
2011,364,378888,627464,5,merchant_api,17.51,dev_267388,0,3,0
2012,364,1905346,3111158,1,wallet,7.66,dev_426203,0,0,0
2013,364,505408,584178,5,merchant_api,57.24,dev_554346,0,3,0
2014,365,3030106,2082388,5,wallet,22.58,dev_510759,3,2,0
2015,365,2281252,1828804,4,merchant_api,15.72,dev_579007,0,0,0
2016,365,1674975,2057588,4,merchant_api,36.71,dev_889067,0,2,0
2017,365,1378511,1377967,6,bank_app,9.0,dev_150590,2,0,0
2018,366,2424070,62169,10,bank_app,9.68,dev_684764,0,0,0
2019,366,1407436,3114245,1,qr_pay,7.14,dev_394008,0,3,0
2020,366,3689120,3689121,9,wallet,12.93,dev_862981,0,0,0
2021,366,3114389,2380195,4,wallet,114.62,dev_553442,0,0,0
2022,366,1899504,747922,4,wallet,17.46,dev_027878,0,3,0
2023,366,3113514,1753997,5,bank_app,37.32,dev_009846,2,0,0
2024,366,2159962,3113802,10,bank_app,11.56,dev_266505,2,0,0
2025,367,2560750,2829563,4,bank_app,66.93,dev_299010,0,2,0
2026,367,1946893,3115391,5,qr_pay,9.74,dev_569383,0,2,0
2027,367,3115405,1369808,5,qr_pay,25.41,dev_986227,2,0,0
2028,367,2118231,187221,6,web,27.87,dev_048282,0,3,0
2029,367,1718850,3116421,10,qr_pay,199.34,dev_182287,0,2,0
2030,367,1213137,657198,11,web,46.87,dev_569745,3,3,0
2031,368,2896744,3118004,6,merchant_api,15.59,dev_333267,0,2,0
2032,368,2912468,1900797,1,merchant_api,49.23,dev_483118,0,2,0
2033,368,3117502,526520,5,web,168.07,dev_971445,0,0,0
2034,368,1970094,2960884,5,web,5.66,dev_429518,3,3,0
2035,368,2243379,1510031,2,wallet,13.49,dev_892696,2,0,0
2036,368,2809236,3117367,4,qr_pay,27.3,dev_551451,0,0,0
2037,369,1972751,2693021,4,web,23.21,dev_095971,0,0,0
2038,369,3119580,1420217,4,web,25.04,dev_194014,3,0,0
2039,369,1239378,3015606,4,web,10.45,dev_421038,0,2,0
2040,369,3117582,2184939,11,wallet,94.02,dev_430582,2,0,0
2041,369,1779721,722128,6,wallet,7.39,dev_777308,0,3,0
2042,369,1658325,191108,4,web,28.21,dev_594051,0,0,0
2043,369,996135,881753,5,merchant_api,62.88,dev_496883,0,2,0
2044,369,3119111,967361,4,web,32.88,dev_467800,3,3,0
2045,369,1989973,309903,5,merchant_api,10.16,dev_290018,0,3,0
2046,370,1967715,2788480,5,wallet,7.29,dev_295867,0,0,0
2047,370,3120166,2919067,6,bank_app,21.61,dev_901084,2,2,0
2048,370,43307,1014763,5,wallet,12.41,dev_707784,3,3,0
2049,370,3118546,881232,11,bank_app,31.97,dev_398867,0,2,0
2050,370,2219861,1087947,5,wallet,6.95,dev_590812,0,2,0
2051,370,1654421,1237750,5,wallet,51.0,dev_109506,3,3,0
2052,371,2398649,1108833,5,bank_app,27.22,dev_229874,0,0,0
2053,371,1964350,808535,6,qr_pay,31.53,dev_164606,0,3,0
2054,371,893424,1382150,5,bank_app,89.74,dev_192458,0,3,0
2055,371,1623059,3123193,5,bank_app,16.54,dev_385520,0,0,0
2056,371,1144930,744525,6,qr_pay,13.83,dev_325429,3,3,0
2057,371,1624235,1292652,5,bank_app,14.98,dev_004098,0,3,0
2058,372,2594442,2878475,3,wallet,26.23,dev_192851,0,0,0
2059,372,367655,206504,5,qr_pay,22.6,dev_076679,0,3,0
2060,372,904859,368192,4,bank_app,16.0,dev_572030,0,3,0
2061,372,3122442,1737446,11,web,4.3,dev_975623,2,2,0
2062,372,3123940,1356913,4,bank_app,20.39,dev_933631,2,2,0
2063,372,3124232,1290237,4,bank_app,46.7,dev_722782,3,0,0
2064,372,785489,1706846,4,bank_app,38.19,dev_505530,0,0,0
2065,372,3092429,534369,5,qr_pay,72.21,dev_979794,2,0,0
2066,373,2285495,613629,10,web,142.58,dev_399703,3,0,0
2067,373,342200,1411761,4,qr_pay,66.91,dev_066647,0,2,0
2068,373,2725864,2540397,5,web,85.14,dev_802686,2,0,0
2069,373,3125788,1597067,4,qr_pay,67.36,dev_361303,2,3,0
2070,373,1936499,2088591,4,qr_pay,157.42,dev_760366,3,2,0
2071,373,3126759,691091,4,qr_pay,178.71,dev_682966,2,2,0
2072,373,3125491,1679440,6,merchant_api,62.56,dev_613280,2,0,0
2073,373,822737,70374,1,merchant_api,50.19,dev_366987,2,0,0
2074,373,1754590,2226334,4,qr_pay,28.09,dev_535336,0,0,0
2075,373,3100540,3126451,5,web,23.64,dev_074656,2,3,0
2076,374,3120399,2725274,1,wallet,19.61,dev_549488,2,0,0
2077,374,1823996,2245254,5,merchant_api,42.91,dev_540983,0,2,0
2078,374,3128689,2635443,5,merchant_api,12.83,dev_560891,2,2,0
2079,374,3128262,2307666,5,merchant_api,20.66,dev_983792,0,2,0
2080,374,2797443,2799452,5,merchant_api,2.95,dev_596293,2,0,0
2081,374,3127493,1680340,5,merchant_api,115.67,dev_400537,2,2,0
2082,374,2839087,2296004,1,wallet,21.79,dev_702712,0,0,0
2083,374,1108672,759490,6,wallet,40.05,dev_236711,0,3,0
2084,374,1794861,2811182,10,merchant_api,91.1,dev_574929,0,2,0
2085,375,333482,3130562,5,wallet,32.15,dev_957244,0,2,0
2086,375,419717,512936,5,wallet,90.01,dev_190874,2,2,0
2087,375,2198105,2925600,5,wallet,8.02,dev_595242,0,2,0
2088,375,984572,2748421,1,bank_app,229.9,dev_752269,0,0,0
2089,375,936914,3130033,1,bank_app,70.7,dev_814915,0,2,0
2090,376,3057393,1889880,5,bank_app,29.62,dev_605794,3,0,0
2091,376,3130947,3111272,10,bank_app,88.46,dev_401454,2,2,0
2092,376,1177604,1276209,5,bank_app,8.57,dev_454407,3,3,0
2093,376,1085868,292940,4,wallet,26.06,dev_335901,2,0,0
2094,376,1907824,3132727,6,qr_pay,97.5,dev_268263,3,2,0
2095,376,2721784,2890698,6,qr_pay,4.95,dev_314567,0,2,0
2096,376,474577,1715228,4,wallet,55.95,dev_228714,3,2,0
2097,376,882154,745866,5,bank_app,39.61,dev_347524,0,0,0
2098,377,1845685,2255525,5,qr_pay,144.36,dev_066577,0,0,0
2099,377,932865,3125787,5,qr_pay,5.9,dev_948966,3,2,0
2100,377,3131972,2130646,9,bank_app,143.84,dev_301570,2,3,0
2101,377,2882666,283487,5,qr_pay,14.83,dev_169275,3,3,0
2102,377,1812774,1594743,5,qr_pay,16.41,dev_576242,0,2,0
2103,377,994891,888894,4,bank_app,11.25,dev_964145,0,3,0
2104,377,3030143,3032269,1,web,9.98,dev_971916,3,2,0
2105,377,3133407,3079503,5,qr_pay,35.27,dev_808572,2,2,0
2106,377,3048070,2838235,5,qr_pay,9.02,dev_378054,3,3,0
2107,377,486031,1364470,5,qr_pay,47.76,dev_033462,3,2,0
2108,377,1853490,2855013,6,web,14.63,dev_489005,0,3,0
2109,377,2077563,1068425,5,qr_pay,8.23,dev_981202,3,3,0
2110,377,2569147,2388292,6,web,16.53,dev_016921,0,2,0
2111,377,2252131,2631443,4,bank_app,45.74,dev_917271,0,0,0
2112,377,182610,2355837,4,bank_app,26.32,dev_450878,0,2,0
2113,377,3133080,186794,4,bank_app,34.84,dev_174995,3,0,0
2114,377,965286,1858027,6,web,49.73,dev_792696,0,2,0
2115,378,222141,486439,5,web,64.99,dev_881288,0,3,0
2116,378,648912,2184376,4,qr_pay,25.56,dev_224831,0,3,0
2117,378,2870737,2135075,5,web,9.59,dev_528388,2,2,0
2118,378,575725,2393161,5,web,26.27,dev_011755,0,2,0
2119,378,1361891,2050665,5,web,37.47,dev_004878,0,2,0
2120,378,2280078,1585657,5,web,6.59,dev_809100,0,3,0
2121,378,855730,643940,5,web,11.01,dev_489169,0,0,0
2122,378,722590,445033,6,merchant_api,13.91,dev_423351,0,0,0
2123,378,1798088,648791,10,web,20.35,dev_868935,0,2,0
2124,378,1823094,1312743,5,web,12.37,dev_656277,3,0,0
2125,378,3132841,1153062,10,web,46.36,dev_048034,2,2,0
2126,378,1373636,532924,4,qr_pay,7.97,dev_356454,0,0,0
2127,378,2650780,1943736,4,qr_pay,8.15,dev_956655,0,0,0
2128,378,781414,714460,6,merchant_api,19.68,dev_684616,0,0,0
2129,378,2489702,1700208,5,web,20.95,dev_154013,0,3,0
2130,379,88600,893,5,merchant_api,6.62,dev_899822,0,2,0
2131,379,1609189,1255987,4,web,19.57,dev_011242,0,3,0
2132,379,290888,2865256,1,wallet,18.52,dev_677713,0,2,0
2133,379,298447,819486,4,web,23.71,dev_456771,0,3,0
2134,379,654816,2834952,4,web,38.73,dev_623937,0,0,0
2135,379,3103434,33443,5,merchant_api,13.53,dev_692769,2,3,0
2136,379,2794133,3137374,3,qr_pay,117.93,dev_772801,0,3,0
2137,379,3107520,2234041,6,wallet,41.24,dev_468363,3,2,0
2138,379,798834,1289006,6,wallet,12.85,dev_937275,0,3,0
2139,379,205675,1087286,6,wallet,28.94,dev_716604,0,3,0
2140,379,2008882,911556,4,web,37.77,dev_182781,0,0,0
2141,379,702323,662388,1,wallet,79.3,dev_970173,0,0,0
2142,379,1067886,1166011,5,merchant_api,14.29,dev_310277,0,3,0
2143,379,2230481,1180295,5,merchant_api,48.94,dev_879886,3,0,0
2144,380,3037538,1777470,5,wallet,25.47,dev_464555,2,3,0
2145,380,1147624,3049958,5,wallet,93.92,dev_683533,0,0,0
2146,380,1047830,1187014,5,wallet,78.4,dev_532892,2,3,0
2147,380,1727283,2040055,5,wallet,29.29,dev_827424,0,0,0
2148,380,1110293,524375,5,wallet,19.37,dev_339318,0,0,0
2149,380,133856,399616,4,merchant_api,53.3,dev_612961,3,2,0
2150,380,326526,1454233,5,wallet,20.86,dev_964030,3,2,0
2151,380,699284,1222125,5,wallet,111.31,dev_908216,0,3,0
2152,380,3042589,1721153,6,bank_app,28.52,dev_422548,0,2,0
2153,380,2290405,2478110,9,merchant_api,23.45,dev_140936,3,2,0
2154,380,1519107,2157341,5,wallet,16.22,dev_930678,0,2,0
2155,380,1179633,1623882,1,bank_app,8.92,dev_278002,0,2,0
2156,380,2015396,3122967,6,bank_app,43.86,dev_409572,0,2,0
2157,380,1040553,671538,4,merchant_api,16.15,dev_993617,0,0,0
2158,380,3043398,929880,4,merchant_api,90.77,dev_391216,0,3,0
2159,380,823219,2884061,6,bank_app,8.3,dev_664324,0,0,0
2160,381,2013095,1867458,2,web,32.28,dev_186937,0,0,0
2161,381,2442792,1946341,5,bank_app,69.08,dev_743438,0,2,0
2162,381,954361,726331,5,bank_app,3.54,dev_713120,0,0,0
2163,381,1572464,2918912,10,bank_app,150.87,dev_324633,0,3,0
2164,381,2460638,1872314,6,qr_pay,18.12,dev_852720,0,0,0
2165,381,1273755,3034813,6,qr_pay,30.17,dev_259845,0,2,0
2166,381,3139292,1677541,2,web,48.15,dev_158405,3,2,0
2167,381,1722480,1003988,4,wallet,64.94,dev_639828,0,0,0
2168,381,3139521,1612590,4,wallet,43.23,dev_441034,2,2,0
2169,381,1089894,2387277,6,qr_pay,65.21,dev_700545,0,2,0
2170,381,894235,1212602,4,wallet,53.9,dev_536511,0,0,0
2171,381,916900,351448,5,bank_app,119.68,dev_322595,3,0,0
2172,381,2586993,2352641,5,bank_app,39.26,dev_291182,0,2,0
2173,381,1131935,2850977,5,bank_app,143.76,dev_239276,0,3,0
2174,382,3140697,412688,5,qr_pay,55.2,dev_983915,2,3,0
2175,382,1319254,1855170,4,bank_app,6.65,dev_653551,0,2,0
2176,382,1749126,1082395,5,qr_pay,257.24,dev_355955,0,0,0
2177,382,1935121,989729,5,qr_pay,14.63,dev_394584,0,0,0
2178,382,803161,804956,5,qr_pay,94.25,dev_639884,0,0,0
2179,382,3129666,2826084,6,web,27.22,dev_651031,0,2,0
2180,382,2256337,1677488,4,bank_app,87.79,dev_518221,3,2,0
2181,382,2785474,197647,4,bank_app,18.18,dev_800166,0,2,0
2182,382,3141247,1393778,4,bank_app,59.33,dev_026208,2,3,0
2183,382,3060661,3141496,5,qr_pay,19.53,dev_517433,2,2,0
2184,382,3141657,1568468,5,qr_pay,101.61,dev_194963,2,0,0
2185,382,587346,922579,4,bank_app,50.14,dev_800222,3,2,0
2186,382,2550411,2190838,2,merchant_api,66.84,dev_186828,3,3,0
2187,382,2654724,109600,5,qr_pay,3.5,dev_104938,0,2,0
2188,382,3137722,2551427,1,web,24.61,dev_249041,2,2,0
2189,382,3140460,508303,4,bank_app,48.89,dev_330846,2,3,0
2190,382,1683421,1717209,4,bank_app,41.32,dev_552280,3,0,0
2191,382,2000617,2319084,1,web,63.12,dev_438374,0,0,0
2192,383,2092405,2352016,4,qr_pay,24.31,dev_396633,0,2,0
2193,383,1400779,937920,6,merchant_api,27.77,dev_823625,0,3,0
2194,383,93766,3142702,10,web,71.03,dev_154367,3,2,0
2195,383,453609,1100095,5,web,3.16,dev_915333,0,0,0
2196,383,2673883,2292047,2,wallet,48.93,dev_052318,0,2,0
2197,383,794691,122599,5,web,18.17,dev_772025,3,2,0
2198,383,218142,3140535,6,merchant_api,11.69,dev_650844,0,0,0
2199,383,246087,1149427,5,web,33.21,dev_109490,2,2,0
2200,383,885707,913656,5,web,74.05,dev_661116,0,3,0
2201,383,343331,1849137,2,wallet,73.35,dev_500674,0,0,0
2202,383,1291363,1227673,4,qr_pay,29.92,dev_633207,0,0,0
2203,384,1856158,1176745,3,qr_pay,68.59,dev_736387,0,2,0
2204,384,651331,2841072,3,qr_pay,68.12,dev_168745,3,2,0
2205,384,2208658,2521752,5,merchant_api,22.68,dev_230887,0,2,0
2206,384,2973791,2189045,5,merchant_api,13.15,dev_817481,2,0,0
2207,384,1543052,915786,5,merchant_api,13.85,dev_592337,3,0,0
2208,384,3080404,2672133,2,bank_app,61.2,dev_461346,3,0,0
2209,384,943613,59939,5,merchant_api,23.62,dev_956129,3,3,0
2210,384,1105054,160042,6,wallet,10.37,dev_318657,0,0,0
2211,384,1437444,2824335,3,qr_pay,6.85,dev_860103,3,0,0
2212,384,2318316,149548,4,web,71.43,dev_269735,2,0,0
2213,384,807736,2088977,5,merchant_api,15.0,dev_230444,3,2,0
2214,385,310416,1259175,5,wallet,33.03,dev_965061,3,2,0
2215,385,3144675,234532,5,wallet,74.87,dev_873651,2,3,0
2216,385,1917885,1354004,6,bank_app,8.18,dev_895639,3,3,0
2217,385,3030707,958721,4,merchant_api,32.44,dev_732645,0,3,0
2218,385,965538,110669,4,merchant_api,28.97,dev_861122,0,3,0
2219,385,824126,211504,6,bank_app,37.4,dev_790242,0,3,0
2220,385,3144876,733856,4,merchant_api,103.05,dev_953514,2,2,0
2221,385,3145173,1717087,6,bank_app,8.03,dev_659932,2,3,0
2222,385,1251950,2543621,5,wallet,40.97,dev_112574,0,0,0
2223,385,2290705,2312827,4,merchant_api,85.49,dev_439880,0,0,0
2224,385,1395763,2700785,4,merchant_api,28.57,dev_901981,0,0,0
2225,386,3094547,2213177,4,wallet,29.85,dev_694037,0,2,0
2226,386,1110961,92523,4,wallet,49.23,dev_576156,0,3,0
2227,386,2237431,454187,6,qr_pay,36.25,dev_290515,0,2,0
2228,386,3144729,3302,9,wallet,57.06,dev_886124,2,0,0
2229,386,1057190,664012,1,qr_pay,44.04,dev_341090,0,0,0
2230,386,3146999,2825742,4,wallet,13.96,dev_592858,2,3,0
2231,386,2001248,14839,5,bank_app,59.81,dev_687011,3,3,0
2232,386,2270189,455905,6,qr_pay,75.95,dev_451949,0,0,0
2233,386,600927,3146453,6,qr_pay,31.42,dev_560772,0,0,0
2234,387,2515330,3016561,4,bank_app,8.8,dev_817926,0,2,0
2235,387,2131237,1766813,5,qr_pay,22.13,dev_960368,2,3,0
2236,387,3148327,903251,5,qr_pay,29.22,dev_046131,3,0,0
2237,387,3146836,1743370,10,qr_pay,8.76,dev_869069,2,3,0
2238,387,3148856,1039442,3,wallet,22.55,dev_406108,3,3,0
2239,387,3010628,3148868,4,bank_app,9.5,dev_146260,3,2,0
2240,387,3147877,2560431,5,qr_pay,42.38,dev_882007,2,2,0
2241,387,707522,542649,4,bank_app,39.23,dev_296357,0,3,0
2242,387,838491,2480948,5,qr_pay,5.58,dev_544803,0,0,0
2243,387,906455,1850600,5,qr_pay,33.66,dev_593332,3,3,0
2244,387,521683,3137437,5,qr_pay,23.32,dev_850598,3,3,0
2245,388,2355565,460002,6,merchant_api,42.3,dev_048844,2,2,0
2246,388,3149059,418944,5,web,17.25,dev_031584,2,3,0
2247,388,255895,3084107,3,bank_app,15.16,dev_809834,3,2,0
2248,388,3150254,1348057,5,web,12.26,dev_309319,0,3,0
2249,388,172579,910486,5,web,15.11,dev_927173,0,0,0
2250,388,1515102,2455513,5,web,24.95,dev_272648,0,2,0
2251,388,2485051,3149788,4,qr_pay,38.6,dev_911951,2,2,0
2252,388,1356833,921861,5,web,20.66,dev_049526,0,0,0
2253,388,1672578,548525,5,web,16.76,dev_528065,3,0,0
2254,388,2056056,1115895,5,web,17.88,dev_357142,0,2,0
2255,388,1862566,2253022,5,web,234.38,dev_713672,0,0,0
2256,388,2903799,1316882,4,qr_pay,16.88,dev_305384,2,3,0
2257,388,113843,376243,6,merchant_api,16.08,dev_942782,0,0,0
2258,388,2565169,3149419,6,merchant_api,515.16,dev_789835,2,2,0
2259,388,3149548,342893,5,web,35.83,dev_950199,3,3,0
2260,388,456121,2867548,5,web,7.09,dev_224368,2,2,0
2261,388,1181851,3149469,4,qr_pay,72.13,dev_395172,0,3,0
2262,388,3149362,2979337,5,web,10.82,dev_559918,2,2,0
2263,389,3152108,2351344,6,wallet,60.23,dev_811747,2,2,0
2264,389,2835800,2073804,6,wallet,21.98,dev_626466,3,2,0
2265,389,3004635,1810169,5,merchant_api,16.51,dev_922248,0,2,0
2266,389,1488347,766562,5,merchant_api,104.4,dev_734767,2,3,0
2267,389,3052196,3117140,5,merchant_api,40.84,dev_074721,3,2,0
2268,389,3042096,3042342,5,merchant_api,58.89,dev_017239,0,3,0
2269,389,2711108,1941315,4,web,49.97,dev_891224,0,3,0
2270,389,1920527,2151693,4,web,22.65,dev_975051,0,2,0
2271,389,819491,303231,5,merchant_api,42.53,dev_854726,0,3,0
2272,389,3151246,2414499,4,web,100.31,dev_366738,3,2,0
2273,389,1472074,852706,5,merchant_api,27.7,dev_855051,0,3,0
2274,389,3097626,2904156,5,merchant_api,124.15,dev_003990,0,2,0
2275,389,2531024,794755,3,qr_pay,67.05,dev_210915,0,0,0
2276,389,2534788,1061383,5,merchant_api,29.69,dev_807976,3,2,0
2277,390,3084458,1926013,5,wallet,30.76,dev_566379,2,3,0
2278,390,1006839,2018202,5,wallet,27.76,dev_086700,2,2,0
2279,390,184945,3044715,6,bank_app,8.62,dev_504161,3,3,0
2280,390,431260,2473064,6,bank_app,24.51,dev_126623,3,2,0
2281,390,324766,1068154,4,merchant_api,41.23,dev_111358,0,0,0
2282,390,1766170,1892664,5,wallet,16.87,dev_463023,0,2,0
2283,390,3153479,425900,5,wallet,33.25,dev_036652,3,2,0
2284,390,693044,1569601,5,wallet,25.01,dev_767613,0,2,0
2285,390,2550143,940046,3,web,62.57,dev_674826,0,3,0
2286,391,3108807,279428,6,qr_pay,48.27,dev_984735,2,0,0
2287,391,1798348,400260,6,qr_pay,30.89,dev_065071,0,2,0
2288,391,3155234,2629928,6,qr_pay,7.76,dev_220606,3,2,0
2289,391,195946,2916175,6,qr_pay,133.17,dev_417774,3,0,0
2290,391,3001395,1714314,5,bank_app,21.59,dev_686364,3,2,0
2291,391,1451745,1685452,4,wallet,31.41,dev_229064,3,3,0
2292,391,3092788,482590,4,wallet,24.82,dev_809070,3,3,0
2293,391,1397588,3097395,4,wallet,21.77,dev_190013,0,2,0
2294,391,1495456,2532431,5,bank_app,98.46,dev_990132,0,2,0
2295,391,947606,2068089,5,bank_app,85.41,dev_859940,0,3,0
2296,391,2989965,1503737,4,wallet,50.4,dev_129516,2,3,0
2297,392,1375959,3156476,5,qr_pay,22.27,dev_489642,3,2,0
2298,392,782914,1046045,4,bank_app,58.98,dev_937394,0,0,0
2299,392,1101188,186077,5,qr_pay,26.22,dev_448427,0,3,0
2300,392,2872516,257941,3,wallet,26.28,dev_006500,0,2,0
2301,393,3155898,1979019,5,web,33.26,dev_693179,2,2,0
2302,393,1803891,946270,4,qr_pay,22.71,dev_760678,0,0,0
2303,393,1075946,128854,5,web,30.79,dev_829721,0,0,0
2304,393,3111578,1558546,5,web,29.48,dev_466602,3,3,0
2305,393,912070,1736226,5,web,42.21,dev_759309,2,0,0
2306,393,3157142,2429437,5,web,14.05,dev_921235,2,3,0
2307,393,1468675,2906070,4,qr_pay,64.02,dev_825365,0,3,0
2308,393,3157836,1965278,6,merchant_api,11.76,dev_216517,2,3,0
2309,393,3157982,2879703,5,web,14.65,dev_458281,2,0,0
2310,393,166773,1901167,6,merchant_api,16.51,dev_681674,3,3,0
2311,394,348141,3047136,5,merchant_api,9.35,dev_768063,0,2,0
2312,394,1359596,298056,5,merchant_api,61.2,dev_057495,3,2,0
2313,394,346028,567772,4,web,14.12,dev_124631,3,2,0
2314,394,2786942,1141327,6,wallet,14.17,dev_457805,3,3,0
2315,394,984959,270754,3,qr_pay,96.53,dev_993706,0,3,0
2316,394,1298594,1582567,6,wallet,15.9,dev_241273,0,2,0
2317,394,363914,3158540,10,merchant_api,20.71,dev_249213,0,0,0
2318,394,604361,3077662,5,merchant_api,9.87,dev_086868,0,2,0
2319,394,1301116,58435,4,web,71.5,dev_202746,3,3,0
2320,394,884979,2353130,3,qr_pay,66.82,dev_616906,0,2,0
2321,394,3059744,2834498,4,web,65.7,dev_366266,2,2,0
2322,394,1849055,1751746,6,wallet,43.11,dev_841976,0,2,0
2323,394,3158826,2212198,5,merchant_api,26.21,dev_793699,2,0,0
2324,394,3158418,950518,2,bank_app,17.96,dev_624705,2,2,0
2325,395,3159656,1639539,6,bank_app,12.76,dev_151934,2,2,0
2326,395,2905189,456700,5,wallet,78.33,dev_161003,0,3,0
2327,395,1928202,291786,4,merchant_api,67.24,dev_236728,3,0,0
2328,395,2666826,1799127,4,merchant_api,18.1,dev_310872,0,0,0
2329,395,3159746,2139593,5,wallet,25.43,dev_908046,2,2,0
2330,395,533056,621770,5,wallet,18.73,dev_511243,0,0,0
2331,395,3160753,1646246,6,bank_app,9.63,dev_092539,2,0,0
2332,395,626164,107251,5,wallet,28.79,dev_534914,2,0,0
2333,395,3160656,324592,5,wallet,16.88,dev_792520,2,0,0
2334,396,3162277,63629,4,wallet,14.34,dev_179746,2,2,0
2335,396,1061692,853162,1,qr_pay,7.02,dev_960448,0,0,0
2336,396,1552948,1466994,4,wallet,8.27,dev_087082,3,0,0
2337,396,1378107,1168008,4,wallet,24.18,dev_503861,3,0,0
2338,396,795684,3122938,5,bank_app,22.72,dev_970259,2,2,0
2339,396,1535223,34318,5,bank_app,11.16,dev_690725,2,1,1
2340,396,2091063,1376870,6,qr_pay,47.74,dev_571988,3,0,0
2341,396,3123233,3106821,10,bank_app,23.13,dev_665813,2,3,0
2342,396,1733625,2924216,5,bank_app,41.23,dev_300717,0,2,0
2343,396,2626342,1583427,5,bank_app,20.81,dev_490959,0,2,0
2344,396,3161134,1665156,5,bank_app,12.08,dev_753831,2,0,0
2345,397,3162394,768269,10,qr_pay,27.19,dev_699234,3,3,0
2346,397,1665270,2464360,6,web,8.53,dev_264236,3,0,0
2347,397,2564498,2035160,5,qr_pay,39.86,dev_537488,2,2,0
2348,397,3076606,1202373,6,web,11.43,dev_463691,3,3,0
2349,397,975569,1371102,5,qr_pay,56.06,dev_886863,0,0,0
2350,397,946363,724629,6,web,19.6,dev_723512,3,0,0
2351,397,3054467,3162967,5,qr_pay,63.83,dev_500606,0,3,0
2352,397,249334,3164375,1,web,9.68,dev_888097,3,2,0
2353,397,1009840,3163686,4,bank_app,18.36,dev_840400,0,2,0
2354,397,3162947,3029892,5,qr_pay,34.56,dev_094474,2,2,0
2355,397,3163118,3121221,1,web,76.21,dev_245717,3,2,0
2356,397,517660,2307645,5,qr_pay,109.94,dev_209588,0,2,0
2357,397,2745780,301096,6,web,27.58,dev_965952,0,3,0
2358,398,1811132,2922512,3,bank_app,163.04,dev_540326,3,2,0
2359,398,2994296,3166763,5,web,18.9,dev_722362,3,0,0
2360,398,2239996,267232,5,web,65.95,dev_577869,2,3,0
2361,398,1280937,816016,4,qr_pay,14.47,dev_156200,3,2,0
2362,398,3165603,2715837,4,qr_pay,49.31,dev_508839,2,3,0
2363,398,746441,529083,4,qr_pay,4.11,dev_400254,0,3,0
2364,399,2310094,1975688,5,merchant_api,8.94,dev_841945,3,2,0
2365,399,3142861,2587876,5,merchant_api,37.34,dev_247201,2,2,0
2366,399,1896676,2291291,3,qr_pay,9.57,dev_101578,3,2,0
2367,399,968302,1593392,6,wallet,39.03,dev_157616,0,0,0
2368,399,1150438,1114218,6,wallet,60.09,dev_312463,3,3,0
2369,399,2281253,552258,3,qr_pay,19.86,dev_534931,0,0,0
2370,399,2455396,960352,6,wallet,11.11,dev_136318,3,2,0
2371,399,3167635,23525,6,wallet,17.34,dev_951393,3,0,0
2372,399,2739114,3001909,1,wallet,11.14,dev_114889,0,3,0
2373,399,325593,776527,4,web,30.84,dev_057497,0,0,0
2374,399,1168927,877498,10,merchant_api,26.89,dev_765457,0,2,0
2375,399,3168649,1041072,5,merchant_api,18.63,dev_078680,2,0,0
2376,399,3168444,2426666,2,bank_app,129.92,dev_934964,2,3,0
2377,400,231944,1617471,6,bank_app,13.91,dev_702741,0,3,0
2378,400,2299577,1168575,5,wallet,85.82,dev_974330,2,2,0
2379,400,2378607,1134076,10,wallet,9.61,dev_194798,0,3,0
2380,400,2677186,452474,9,merchant_api,36.07,dev_067602,3,3,0
2381,400,3170181,503956,5,wallet,71.15,dev_466310,3,2,0
2382,400,139202,688152,4,merchant_api,93.52,dev_786421,0,3,0
2383,400,701465,1071064,5,wallet,16.81,dev_300444,3,2,0
2384,400,3169463,1895427,4,merchant_api,55.68,dev_048053,2,2,0
2385,400,95396,16508,5,wallet,35.84,dev_041538,3,3,0
2386,401,457004,1865858,5,bank_app,15.09,dev_358486,0,2,0
2387,401,2464815,434816,4,wallet,58.81,dev_683218,2,0,0
2388,401,2654326,2844271,6,qr_pay,142.06,dev_968542,0,0,0
2389,401,1022965,2987706,1,qr_pay,40.63,dev_035152,0,0,0
2390,401,2796415,1817970,5,bank_app,40.84,dev_114048,0,0,0
2391,401,2477415,235901,5,bank_app,44.92,dev_856242,0,3,0
2392,401,1430165,1109873,5,bank_app,6.59,dev_008142,0,2,0
2393,401,3170569,3170912,4,wallet,51.12,dev_099622,2,2,0
2394,401,161951,2080785,4,wallet,13.53,dev_781765,2,2,0
2395,401,3171256,3693332,6,qr_pay,15.63,dev_698704,3,2,0
2396,401,3160904,3172465,5,bank_app,171.7,dev_510361,2,0,0
2397,401,1123957,1752833,5,bank_app,19.53,dev_264874,0,2,0
2398,401,2715016,1493069,5,bank_app,12.6,dev_498246,0,2,0
2399,402,398494,302241,5,qr_pay,69.22,dev_439295,0,3,0
2400,402,3156831,3173355,1,web,11.33,dev_733555,0,2,0
2401,402,3172495,1405594,10,qr_pay,16.4,dev_942811,2,0,0
2402,402,582060,2793852,4,bank_app,103.97,dev_183152,3,0,0
2403,402,1749335,698886,4,bank_app,35.11,dev_853992,3,0,0
2404,402,399543,64673,5,qr_pay,6.02,dev_934370,0,3,0
2405,402,3171123,2777802,9,bank_app,55.12,dev_200198,2,0,0
2406,402,2798541,2614130,5,qr_pay,17.17,dev_389140,0,0,0
2407,402,878310,1469974,5,qr_pay,98.09,dev_752041,0,0,0
2408,402,1874225,1489879,5,qr_pay,14.22,dev_249731,3,2,0
2409,402,3172149,2578901,4,bank_app,87.02,dev_689907,2,0,0
2410,403,1874533,861224,4,qr_pay,167.02,dev_425241,0,2,0
2411,403,3176421,780093,5,web,11.41,dev_824360,3,2,0
2412,403,2817741,369023,6,merchant_api,22.33,dev_064108,0,2,0
2413,403,1602501,3147571,4,qr_pay,47.93,dev_603032,3,2,0
2414,403,3070634,3066786,5,web,11.34,dev_058377,2,2,0
2415,403,832509,1865079,5,web,31.29,dev_963800,0,0,0
2416,403,2935515,690875,5,web,20.04,dev_541999,0,3,0
2417,403,887407,88048,4,qr_pay,27.1,dev_383864,3,3,0
2418,403,3176081,2554318,4,qr_pay,35.31,dev_439997,2,2,0
2419,403,2801400,59948,5,web,26.16,dev_840935,3,2,0
2420,403,1281978,1850288,5,web,28.43,dev_539543,0,3,0
2421,403,27632,2667073,6,merchant_api,15.5,dev_205705,0,0,0
2422,403,1155904,889560,4,qr_pay,20.5,dev_660122,0,0,0
2423,403,1490814,3175953,4,qr_pay,30.36,dev_755897,0,2,0
2424,404,1753513,2133381,5,merchant_api,23.56,dev_152255,0,2,0
2425,404,2809962,999752,4,web,22.76,dev_584200,0,2,0
2426,404,988479,728741,4,web,45.22,dev_062521,0,2,0
2427,404,2478348,2737607,4,web,6.6,dev_797669,3,2,0
2428,404,3176595,2911468,1,wallet,13.77,dev_256068,0,0,0
2429,404,3172312,1818207,4,web,26.26,dev_987924,2,0,0
2430,404,1904093,3687256,5,merchant_api,11.35,dev_619714,3,0,0
2431,404,1745733,1921057,5,merchant_api,106.3,dev_104196,0,2,0
2432,404,2294416,1193399,5,merchant_api,24.95,dev_186821,2,3,0
2433,404,1958354,2527960,5,merchant_api,28.76,dev_144804,0,2,0
2434,404,3174788,2350680,9,web,21.87,dev_554659,2,2,0
2435,404,3177419,2644428,6,wallet,26.2,dev_205256,2,2,0
2436,404,998340,2524255,5,merchant_api,8.22,dev_124256,0,0,0
2437,404,2739089,307674,4,web,29.0,dev_035059,3,0,0
2438,404,2128440,156614,4,web,14.54,dev_863410,3,0,0
2439,404,1963777,429545,1,wallet,20.7,dev_467709,2,0,0
2440,404,1580029,1821091,4,web,3.37,dev_040266,0,2,0
2441,404,1503963,1356699,6,wallet,9.63,dev_165329,3,0,0
2442,404,2170962,276498,5,merchant_api,91.61,dev_705643,0,2,0
2443,405,2030250,1479322,6,bank_app,56.11,dev_987911,2,2,0
2444,405,1568934,2410255,5,wallet,80.41,dev_545480,0,2,0
2445,405,2278567,1299342,5,wallet,85.54,dev_339146,0,0,0
2446,405,3119045,3096208,6,bank_app,48.7,dev_635927,2,3,0
2447,405,2938109,2927115,4,merchant_api,22.48,dev_296222,2,2,0
2448,405,500635,3179541,6,bank_app,10.45,dev_427904,3,2,0
2449,405,3137794,838063,5,wallet,68.86,dev_279974,3,3,0
2450,405,3177134,1428613,10,wallet,26.0,dev_634878,0,2,0
2451,405,1853166,1971747,1,bank_app,250.79,dev_241987,0,0,0
2452,405,1089563,3049752,5,wallet,17.66,dev_984429,0,0,0
2453,405,1338687,2863027,4,merchant_api,199.46,dev_751612,3,2,0
2454,405,3178354,1501162,10,wallet,21.3,dev_288402,2,2,0
2455,405,2800997,2755878,5,wallet,81.65,dev_293275,0,0,0
2456,405,2459964,933293,4,merchant_api,155.56,dev_756645,2,0,0
2457,405,92698,2703143,5,wallet,9.77,dev_295026,0,0,0
2458,406,3175922,990613,1,qr_pay,17.18,dev_236865,3,0,0
2459,406,2506256,3181508,3,merchant_api,12.31,dev_007736,0,2,0
2460,406,3035195,3181307,9,wallet,11.17,dev_750646,2,2,0
2461,406,597261,3181878,10,bank_app,44.72,dev_704534,0,2,0
2462,406,3181026,1048844,5,bank_app,20.55,dev_826124,3,0,0
2463,406,570928,1352040,5,bank_app,25.72,dev_254386,0,0,0
2464,406,1497164,2946945,6,qr_pay,43.84,dev_432705,3,0,0
2465,406,852126,1961479,1,qr_pay,4.99,dev_111597,2,0,0
2466,406,2338100,2221287,4,wallet,107.56,dev_065758,0,2,0
2467,406,1874585,2197417,6,qr_pay,19.41,dev_577948,2,2,0
2468,406,2058801,3181414,6,qr_pay,42.91,dev_472259,0,2,0
2469,407,2262847,802131,3,wallet,54.52,dev_762767,2,0,0
2470,407,2097632,2403687,1,web,91.26,dev_287853,0,0,0
2471,407,670408,1617141,5,qr_pay,22.32,dev_949204,0,0,0
2472,407,3019635,667167,5,qr_pay,3.63,dev_747672,0,0,0
2473,407,2954135,208740,5,qr_pay,25.83,dev_033362,0,3,0
2474,407,3183521,120966,5,qr_pay,29.39,dev_548460,2,3,0
2475,407,2368305,377845,6,web,10.48,dev_822632,0,3,0
2476,407,2285779,1964933,5,qr_pay,28.02,dev_434846,0,2,0
2477,407,3183122,694534,4,bank_app,24.41,dev_063149,0,0,0
2478,407,1770109,2797621,5,qr_pay,7.33,dev_242361,0,0,0
2479,407,1827259,3030632,5,qr_pay,44.9,dev_801004,0,3,0
2480,407,3127148,3080553,5,qr_pay,14.77,dev_436865,2,2,0
2481,407,3182379,1266229,5,qr_pay,17.02,dev_845042,3,3,0
2482,407,734508,1723010,5,qr_pay,16.18,dev_205502,0,2,0
2483,407,1606521,2061782,4,bank_app,102.71,dev_806371,3,2,0
2484,407,2344178,1787114,1,web,25.61,dev_393146,0,2,0
2485,407,1935747,310577,5,qr_pay,26.34,dev_617683,3,3,0
2486,408,3165520,2273824,4,qr_pay,22.72,dev_499655,0,2,0
2487,408,80394,647583,5,web,37.21,dev_174515,0,3,0
2488,408,219910,3067892,5,web,82.63,dev_638880,0,2,0
2489,408,2089643,2041711,5,web,43.95,dev_683667,0,3,0
2490,408,1186830,1751615,5,web,45.52,dev_650361,0,3,0
2491,408,2351840,3184009,4,qr_pay,58.3,dev_654616,0,2,0
2492,408,170901,239789,5,web,7.08,dev_581203,3,0,0
2493,408,538954,29302,1,merchant_api,12.08,dev_005328,3,2,0
2494,408,427358,238500,1,merchant_api,22.1,dev_046910,3,0,0
2495,408,1345307,1151369,4,qr_pay,17.58,dev_534179,0,0,0
2496,408,288722,1117977,4,qr_pay,12.96,dev_067900,3,3,0
2497,408,1216784,1068367,6,merchant_api,4.93,dev_340006,0,2,0
2498,408,2830761,1497403,5,web,7.3,dev_392393,3,0,0
2499,409,1352236,770858,6,wallet,21.1,dev_733114,0,2,0
2500,409,2131057,808892,5,merchant_api,23.05,dev_950225,2,0,0
2501,409,983416,1380341,5,merchant_api,12.02,dev_773282,0,3,0
2502,409,561966,594566,5,merchant_api,26.34,dev_882798,3,2,0
2503,409,1494104,1163011,4,web,22.86,dev_448629,0,3,0
2504,409,2752437,1226940,5,merchant_api,65.47,dev_620263,0,3,0
2505,409,2774382,1716736,4,web,29.21,dev_356790,0,0,0
2506,409,297374,1496618,10,merchant_api,45.91,dev_358628,0,2,0
2507,409,2324846,912523,5,merchant_api,29.46,dev_602414,0,0,0
2508,409,2132966,181801,6,wallet,7.52,dev_565105,0,0,0
2509,409,1355260,1498914,5,merchant_api,22.61,dev_400752,3,0,0
2510,409,3185544,2106781,4,web,11.11,dev_259635,2,2,0
2511,409,2399056,3106440,5,merchant_api,22.26,dev_868803,3,3,0
2512,409,400396,1585725,5,merchant_api,12.55,dev_736733,3,3,0
2513,409,2318443,2178891,6,wallet,37.48,dev_907065,0,2,0
2514,409,2313769,3187108,4,web,10.09,dev_922120,0,2,0
2515,409,2765266,2945160,3,qr_pay,31.6,dev_940349,0,2,0
2516,410,458734,1910513,5,wallet,41.07,dev_204521,0,0,0
2517,410,81075,189232,6,bank_app,60.15,dev_659397,0,3,0
2518,410,265700,159223,5,wallet,12.33,dev_867765,0,3,0
2519,410,220832,2363725,5,wallet,24.93,dev_811661,3,0,0
2520,410,1390592,1583957,5,wallet,28.95,dev_796164,0,0,0
2521,410,47022,3134406,5,wallet,98.73,dev_312214,2,2,0
2522,410,1154037,2422727,5,wallet,6.47,dev_927827,2,2,0
2523,410,3188244,3003830,6,bank_app,11.7,dev_678513,2,0,0
2524,410,1413684,1600812,5,wallet,306.13,dev_152454,3,3,0
2525,410,1259768,1115,6,bank_app,20.78,dev_135750,0,2,0
2526,410,363589,1052837,5,wallet,4.47,dev_824937,0,3,0
2527,410,442564,1410105,5,wallet,14.52,dev_974904,0,0,0
2528,410,858060,743038,5,wallet,2.03,dev_905135,0,2,0
2529,410,3101170,568390,5,wallet,30.47,dev_997704,0,3,0
2530,410,1601269,2230987,5,wallet,50.85,dev_664291,3,2,0
2531,410,1573731,1283973,6,bank_app,11.7,dev_248579,3,2,0
2532,410,370730,3172289,5,wallet,16.06,dev_519203,0,2,0
2533,410,2003482,2025186,4,merchant_api,77.58,dev_744331,0,0,0
2534,410,3188031,2453307,4,merchant_api,6.99,dev_743490,2,2,0
2535,411,743157,2517006,4,wallet,10.28,dev_156237,3,2,0
2536,411,3189627,764728,1,qr_pay,21.64,dev_766414,2,0,0
2537,411,469388,868642,4,wallet,17.17,dev_473967,0,3,0
2538,411,3123790,3189577,10,bank_app,18.83,dev_414008,2,3,0
2539,411,2430259,864683,5,bank_app,7.87,dev_502800,0,3,0
2540,411,3190044,814204,5,bank_app,29.75,dev_611925,2,2,0
2541,411,2125424,2136153,4,wallet,29.54,dev_513887,0,3,0
2542,411,498696,719283,5,bank_app,40.22,dev_361512,3,0,0
2543,411,2756567,361439,5,bank_app,29.38,dev_723119,3,2,0
2544,411,1995247,2283175,4,wallet,40.69,dev_439805,0,2,0
2545,411,1229015,3060998,5,bank_app,6.67,dev_920487,0,0,0
2546,411,513144,424435,4,wallet,52.63,dev_710835,3,3,0
2547,411,222148,2704635,4,wallet,25.08,dev_004728,0,0,0
2548,411,3189015,308430,5,bank_app,21.12,dev_505888,2,0,0
2549,412,3191412,2466623,1,web,68.27,dev_198378,2,2,0
2550,412,2210756,1521403,5,qr_pay,12.84,dev_298902,0,0,0
2551,412,2974699,3191941,10,qr_pay,82.77,dev_764744,0,2,0
2552,412,2094498,1315529,1,web,97.52,dev_610651,2,3,0
2553,412,2540550,2674729,4,bank_app,66.52,dev_379607,2,2,0
2554,412,3191445,214029,5,qr_pay,10.15,dev_487961,2,3,0
2555,412,3190000,473172,1,web,3.71,dev_422198,2,0,0
2556,412,898515,1486159,5,qr_pay,64.78,dev_045656,0,0,0
2557,412,3191512,2190009,4,bank_app,37.35,dev_357562,3,0,0
2558,412,3012311,3064177,5,qr_pay,12.55,dev_330598,0,3,0
2559,412,3191014,744584,4,bank_app,97.15,dev_700596,2,3,0
2560,412,317526,26374,5,qr_pay,11.3,dev_461531,0,0,0
2561,412,3190767,297387,5,qr_pay,16.75,dev_113927,3,3,0
2562,412,2539852,1105449,6,web,42.62,dev_843697,0,3,0
2563,412,680426,761373,1,web,9.75,dev_559236,3,0,0
2564,412,1747301,110529,4,bank_app,30.61,dev_864561,0,0,0
2565,413,3192950,374348,4,qr_pay,90.04,dev_636927,3,2,0
2566,413,3185440,1152794,5,web,29.67,dev_123126,2,3,0
2567,413,2555873,1411876,5,web,75.39,dev_869608,2,2,0
2568,413,749558,1868500,5,web,68.05,dev_964632,0,2,0
2569,413,3070066,1386172,5,web,24.7,dev_686709,3,3,0
2570,413,1424238,790120,5,web,2.99,dev_273850,0,0,0
2571,413,3190671,1106132,9,qr_pay,12.49,dev_062017,2,3,0
2572,413,3014370,1986388,4,qr_pay,67.15,dev_364717,2,0,0
2573,414,2453113,504074,4,web,8.37,dev_670086,0,3,0
2574,414,1970364,1908470,5,merchant_api,18.28,dev_513873,2,0,0
2575,414,1185546,145533,6,wallet,36.04,dev_203447,0,0,0
2576,414,3195129,598375,5,merchant_api,92.08,dev_979252,2,3,0
2577,414,542152,3167301,4,web,20.14,dev_859775,3,2,0
2578,414,1053408,1782852,6,wallet,14.89,dev_232176,0,0,0
2579,414,1816718,2126036,6,wallet,25.35,dev_849524,0,0,0
2580,414,3194854,366659,5,merchant_api,33.64,dev_913247,0,3,0
2581,414,3194076,470260,1,wallet,23.13,dev_451528,2,0,0
2582,414,3195100,2459757,6,wallet,68.33,dev_769704,3,0,0
2583,414,2240080,832029,5,merchant_api,11.95,dev_721854,3,2,0
2584,414,3194742,1092751,6,wallet,29.61,dev_376938,3,2,0
2585,414,196998,1621073,5,merchant_api,36.62,dev_542211,0,3,0
2586,414,2186363,1348646,5,merchant_api,17.11,dev_048868,0,3,0
2587,415,595835,493809,6,bank_app,56.58,dev_054143,0,3,0
2588,415,653574,618120,4,merchant_api,38.63,dev_360028,0,3,0
2589,415,1187397,1129740,5,wallet,49.9,dev_065352,0,3,0
2590,415,3196174,1004765,5,wallet,29.22,dev_556456,2,3,0
2591,415,66051,1692049,5,wallet,34.42,dev_790123,0,2,0
2592,415,2115991,2619293,5,wallet,13.89,dev_175391,2,2,0
2593,415,53207,3196312,10,wallet,13.91,dev_040060,3,3,0
2594,415,3195406,100973,11,bank_app,79.99,dev_870231,2,0,0
2595,416,2953905,538455,5,bank_app,43.47,dev_765605,2,0,0
2596,416,2759538,2843436,6,qr_pay,10.58,dev_087682,0,0,0
2597,416,3008833,3000796,4,wallet,39.76,dev_446059,0,3,0
2598,416,854080,407932,5,bank_app,2.9,dev_863848,3,3,0
2599,416,3198223,2567726,1,qr_pay,15.85,dev_210765,3,2,0
2600,416,3196013,360427,5,bank_app,58.26,dev_617010,3,0,0
2601,416,1847635,2319540,6,qr_pay,23.74,dev_468747,3,3,0
2602,416,374013,1661105,6,qr_pay,29.55,dev_198968,3,3,0
2603,416,2766580,2033203,4,wallet,2.24,dev_651870,3,3,0
2604,416,3062513,292826,5,bank_app,17.24,dev_770766,3,0,0
2605,416,2701666,727293,6,qr_pay,36.03,dev_744831,0,2,0
2606,416,1161987,711890,5,bank_app,37.29,dev_485423,3,0,0
2607,416,923682,2804067,4,wallet,80.33,dev_331272,2,0,0
2608,416,2683093,1679007,5,bank_app,20.3,dev_815679,0,2,0
2609,416,1505921,558068,5,bank_app,21.13,dev_937984,3,0,0
2610,417,1791721,1958324,4,bank_app,10.19,dev_180072,2,2,0
2611,417,1113468,1297743,5,qr_pay,20.41,dev_791866,3,0,0
2612,417,1164474,335839,5,qr_pay,7.88,dev_178603,0,0,0
2613,417,260832,3200195,3,wallet,5.91,dev_357080,0,2,0
2614,417,3199815,1785101,5,qr_pay,9.24,dev_607061,2,2,0
2615,417,1994255,1345351,1,web,103.32,dev_868714,2,0,0
2616,417,3200489,2472504,5,qr_pay,19.23,dev_097083,2,2,0
2617,417,1188252,2915663,4,bank_app,41.18,dev_916546,0,2,0
2618,417,1019354,317435,6,web,16.74,dev_706441,3,2,0
2619,418,2139178,3202200,4,qr_pay,6.74,dev_181317,0,2,0
2620,418,177592,819525,6,merchant_api,61.71,dev_302410,3,2,0
2621,418,2113187,182102,6,merchant_api,3.76,dev_849624,0,2,0
2622,418,283133,803343,5,web,14.89,dev_178298,3,2,0
2623,418,817313,2404810,5,web,23.36,dev_868991,0,2,0
2624,418,3200716,3083454,1,merchant_api,32.7,dev_443653,2,0,0
2625,418,1727032,400307,4,qr_pay,17.57,dev_965967,0,0,0
2626,419,153299,2211082,1,wallet,5.08,dev_005621,3,2,0
2627,419,166535,3201524,4,web,16.43,dev_485245,3,2,0
2628,419,164237,2250354,6,wallet,13.55,dev_052360,3,2,0
2629,419,746832,3203593,5,merchant_api,12.23,dev_877608,0,2,0
2630,419,1089235,1714103,10,merchant_api,58.74,dev_644090,2,2,0
2631,419,1530965,3203373,5,merchant_api,8.23,dev_973664,0,2,0
2632,419,2402543,1545546,4,web,44.3,dev_396688,0,2,0
2633,419,19282,1915796,1,wallet,30.64,dev_914503,3,2,0
2634,419,3013616,1490811,5,merchant_api,58.23,dev_002396,3,0,0
2635,419,3202589,2522460,4,web,29.97,dev_085671,2,0,0
2636,419,574992,1603709,6,wallet,54.16,dev_414728,0,3,0
2637,419,3090345,1717582,6,wallet,22.76,dev_593031,3,2,0
2638,420,1800627,645989,3,web,46.11,dev_469528,0,2,0
2639,420,564544,1764902,9,merchant_api,8.74,dev_620748,3,0,0
2640,420,68135,239816,5,wallet,2.28,dev_035258,0,3,0
2641,420,1829831,1844322,6,bank_app,37.33,dev_241223,3,3,0
2642,420,3202432,565607,10,wallet,36.16,dev_906656,2,2,0
2643,420,1511921,3203863,5,wallet,37.64,dev_786034,0,3,0
2644,420,246822,141130,5,wallet,15.3,dev_629314,0,0,0
2645,420,3203929,254049,5,wallet,93.76,dev_792396,2,0,0
2646,420,1078410,1085224,1,bank_app,17.57,dev_524683,0,0,0
2647,420,3126959,769304,6,bank_app,38.81,dev_018915,0,2,0
2648,420,3203840,2918727,3,web,53.26,dev_579232,2,0,0
2649,421,2852268,836376,5,bank_app,115.22,dev_732844,0,2,0
2650,421,3056815,1548350,5,bank_app,18.44,dev_112020,2,3,0
2651,421,3205134,2493042,4,wallet,18.77,dev_942710,2,2,0
2652,421,1415689,2687545,4,wallet,8.77,dev_077622,2,2,0
2653,421,1033208,522622,5,bank_app,99.2,dev_427930,0,3,0
2654,421,208756,2081008,5,bank_app,35.85,dev_630413,3,0,0
2655,422,3204108,2986835,5,qr_pay,36.88,dev_576859,3,2,0
2656,422,1873093,468646,6,web,439.23,dev_704220,0,3,0
2657,422,1201784,3205586,3,wallet,41.79,dev_276702,0,2,0
2658,422,1336674,1368567,1,web,8.23,dev_786739,0,2,0
2659,423,3206031,836307,4,qr_pay,28.32,dev_201057,0,2,0
2660,423,3206143,2701308,4,qr_pay,14.05,dev_406378,2,2,0
2661,423,502062,1877348,5,web,17.18,dev_525510,0,2,0
2662,423,103081,15193,5,web,17.08,dev_916571,0,2,0
2663,423,58137,77443,5,web,14.46,dev_429149,3,0,0
2664,423,3205923,1778896,5,web,7.0,dev_266861,0,3,0
2665,423,2588840,109130,6,merchant_api,111.41,dev_083171,3,3,0
2666,424,1350969,1745485,4,web,44.21,dev_842738,3,0,0
2667,424,1325333,451458,1,wallet,21.69,dev_830542,0,3,0
2668,424,2321902,1510282,3,qr_pay,61.67,dev_161305,2,2,0
2669,424,1255740,1535082,6,wallet,40.61,dev_097727,3,2,0
2670,424,2966545,3206833,9,web,43.3,dev_135750,0,3,0
2671,424,17556,3689606,4,web,62.58,dev_923347,0,2,0
2672,424,3206316,2319430,4,web,38.11,dev_523856,3,2,0
2673,424,1334258,1215747,4,web,61.76,dev_105164,0,3,0
2674,424,49654,183724,3,qr_pay,61.42,dev_637184,0,2,0
2675,425,2877327,1888160,4,merchant_api,39.11,dev_422732,3,2,0
2676,425,1133226,2650827,5,wallet,20.12,dev_700778,0,2,0
2677,425,1252341,2553619,4,merchant_api,133.94,dev_440262,3,2,0
2678,425,807069,1448822,5,wallet,15.96,dev_266688,0,2,0
2679,425,2104858,104033,6,bank_app,37.8,dev_223364,0,3,0
2680,425,119566,2413635,5,wallet,35.61,dev_046323,0,2,0
2681,425,1809519,1323464,4,merchant_api,19.52,dev_054151,0,3,0
2682,426,1156191,1302873,4,wallet,16.33,dev_547646,3,2,0
2683,426,2111109,2509655,1,qr_pay,19.33,dev_021088,0,2,0
2684,426,376048,2272431,5,bank_app,15.75,dev_694021,0,2,0
2685,426,2058437,2162774,5,bank_app,6.6,dev_738953,2,0,0
2686,426,2765755,2114516,5,bank_app,13.65,dev_696787,0,0,0
2687,426,988860,1447330,5,bank_app,31.17,dev_802565,3,3,0
2688,426,877621,2254677,5,bank_app,76.66,dev_547949,3,2,0
2689,426,1380203,128560,5,bank_app,40.4,dev_269121,3,0,0
2690,427,1818689,2017583,4,bank_app,3.26,dev_654073,2,3,0
2691,427,459876,2775537,5,qr_pay,43.69,dev_096264,0,0,0
2692,427,3209301,244439,6,web,16.08,dev_707020,3,3,0
2693,427,2559983,2395212,5,qr_pay,36.88,dev_820147,0,2,0
2694,427,427507,1426744,4,bank_app,33.36,dev_691921,3,1,1
2695,427,3208819,2178358,1,web,22.34,dev_415832,2,3,0
2696,427,3209878,1429877,5,qr_pay,22.38,dev_696157,0,2,0
2697,427,2582574,1498979,6,web,26.04,dev_812740,0,3,0
2698,427,2781387,2188956,6,web,89.12,dev_847726,0,0,0
2699,428,2424996,2368707,4,qr_pay,33.19,dev_261197,2,0,0
2700,428,2278003,2921036,6,merchant_api,70.6,dev_469365,0,0,0
2701,428,857043,589305,6,merchant_api,61.92,dev_174722,2,0,0
2702,428,641539,915979,4,qr_pay,61.58,dev_484452,0,0,0
2703,428,521261,1262417,6,merchant_api,5.32,dev_350981,0,0,0
2704,428,1460214,2044571,5,web,67.02,dev_198735,0,0,0
2705,428,554403,1496589,4,qr_pay,22.37,dev_069096,0,0,0
2706,428,3210870,2001016,5,web,46.72,dev_261243,2,0,0
2707,429,163691,2270087,4,web,14.08,dev_483761,0,0,0
2708,429,2056391,3193784,5,merchant_api,8.44,dev_214892,0,2,0
2709,429,634197,1418580,2,bank_app,170.5,dev_663301,3,2,0
2710,429,3209690,2643687,4,web,14.28,dev_889084,3,2,0
2711,429,1200194,530252,5,merchant_api,68.82,dev_756600,0,0,0
2712,430,3212924,276220,5,wallet,27.29,dev_078406,2,3,0
2713,430,936573,95976,6,bank_app,18.21,dev_950769,3,3,0
2714,430,3010660,2724474,6,bank_app,25.52,dev_801186,0,2,0
2715,430,3062543,2447439,5,wallet,7.61,dev_891280,3,2,0
2716,430,698170,2500082,4,merchant_api,33.37,dev_153918,0,2,0
2717,430,3199582,3214147,6,bank_app,10.03,dev_371099,3,0,0
2718,430,3213473,2999572,4,merchant_api,23.67,dev_406069,2,2,0
2719,430,2253051,201054,5,wallet,56.42,dev_420261,2,2,0
2720,430,3212315,1407214,6,bank_app,33.41,dev_970675,0,2,0
2721,430,2353722,1888879,5,wallet,6.46,dev_371644,0,0,0
2722,430,3214457,1166902,5,wallet,52.79,dev_610177,3,3,0
2723,430,2238064,1093464,4,merchant_api,33.57,dev_368881,3,2,0
2724,431,3215914,2320434,5,bank_app,15.06,dev_854437,2,2,0
2725,431,1006312,578610,5,bank_app,48.04,dev_594838,3,2,0
2726,431,270626,265657,9,wallet,29.06,dev_836632,2,3,0
2727,431,2421416,3122234,5,bank_app,8.59,dev_917528,0,2,0
2728,431,1125317,2214428,5,bank_app,129.42,dev_703919,0,0,0
2729,431,1935348,1823593,4,wallet,33.26,dev_841645,3,0,0
2730,431,1096383,67465,5,bank_app,22.8,dev_575089,3,3,0
2731,431,779162,766052,6,qr_pay,18.46,dev_863817,0,0,0
2732,431,591846,640931,1,qr_pay,76.86,dev_269973,3,0,0
2733,431,1796207,3214746,4,wallet,21.06,dev_604592,3,2,0
2734,431,1851980,507932,5,bank_app,6.11,dev_449659,0,3,0
2735,431,1462918,10647,5,bank_app,13.32,dev_740442,0,0,0
2736,432,2342825,918405,6,web,87.72,dev_454742,0,3,0
2737,432,1888551,1656927,6,web,56.2,dev_417659,3,3,0
2738,432,3216346,3216902,1,web,21.13,dev_242226,3,2,0
2739,432,124362,794059,5,qr_pay,84.43,dev_282546,0,0,0
2740,432,121615,119637,6,web,52.1,dev_447873,2,0,0
2741,432,1229049,1021525,6,web,20.91,dev_306902,3,3,0
2742,432,960898,1885068,5,qr_pay,21.13,dev_065372,3,2,0
2743,432,265867,2168232,5,qr_pay,33.0,dev_464718,0,2,0
2744,432,149798,420419,4,bank_app,15.98,dev_166745,3,3,0
2745,433,3218184,3125402,5,web,24.63,dev_646738,2,3,0
2746,433,3217732,1335798,5,web,32.38,dev_317844,2,3,0
2747,433,981588,1573709,5,web,5.37,dev_466601,1,2,1
2748,433,3218321,2893143,4,qr_pay,28.49,dev_311948,2,0,0
2749,433,620225,413343,6,merchant_api,20.23,dev_823092,0,0,0
2750,433,51884,2361011,5,web,61.88,dev_565746,0,2,0
2751,433,656589,168169,5,web,4.66,dev_543432,0,2,0
2752,433,701193,2863222,5,web,17.4,dev_170233,3,2,0
2753,433,2788563,3217574,5,web,15.9,dev_946265,3,3,0
2754,433,1987583,3217720,5,web,58.21,dev_047199,3,2,0
2755,433,1698851,638651,6,merchant_api,25.55,dev_958787,3,0,0
2756,434,1488208,845476,5,merchant_api,123.53,dev_588676,0,0,0
2757,434,2957396,3219751,3,qr_pay,56.6,dev_168664,2,2,0
2758,434,3219587,191804,5,merchant_api,16.96,dev_331425,3,0,0
2759,434,485190,1306520,4,web,41.92,dev_965344,3,3,0
2760,434,1818941,3220570,6,wallet,19.32,dev_577089,3,0,0
2761,434,1743072,2231819,6,wallet,57.6,dev_852130,3,2,0
2762,434,262018,616754,5,merchant_api,7.4,dev_274667,3,0,0
2763,435,2232614,2309429,5,wallet,11.69,dev_611619,0,0,0
2764,435,782464,2508594,5,wallet,36.97,dev_075981,0,0,0
2765,435,1203200,1055807,5,wallet,73.93,dev_399559,0,0,0
2766,435,1261421,3188700,5,wallet,3.38,dev_921861,0,3,0
2767,435,2983400,1842372,4,merchant_api,116.4,dev_340761,3,2,0
2768,435,3166745,3221664,4,merchant_api,29.78,dev_744171,2,2,0
2769,435,1772593,444777,6,bank_app,4.88,dev_144140,0,2,0
2770,435,3222058,2433337,4,merchant_api,2.27,dev_763301,3,0,0
2771,435,2666493,1991013,4,merchant_api,8.53,dev_855264,0,2,0
2772,435,2439848,3698239,9,merchant_api,33.19,dev_331758,2,2,0
2773,435,2769097,3221064,5,wallet,23.12,dev_926665,3,2,0
2774,436,2318741,1193578,5,bank_app,43.37,dev_404916,3,0,0
2775,436,3223850,694199,1,qr_pay,16.21,dev_074558,3,3,0
2776,436,1891831,1935551,4,wallet,12.46,dev_612805,0,3,0
2777,436,24904,20005,6,qr_pay,18.32,dev_895793,0,3,0
2778,436,1571685,1818151,4,wallet,34.82,dev_129188,3,3,0
2779,436,3185638,907202,5,bank_app,30.2,dev_579329,0,3,0
2780,436,1157038,1797630,6,qr_pay,13.06,dev_172849,3,3,0
2781,436,2921848,2900014,6,qr_pay,59.82,dev_503860,3,3,0
2782,436,1779367,3223629,1,qr_pay,15.19,dev_525194,0,2,0
2783,436,163072,1949279,1,qr_pay,12.15,dev_595427,3,1,1
2784,436,1717562,3223615,4,wallet,20.74,dev_615555,0,2,0
2785,436,3222834,311357,4,wallet,88.89,dev_457253,0,0,0
2786,436,2128755,1393043,5,bank_app,21.77,dev_655346,0,2,0
2787,436,1155449,1211063,5,bank_app,13.13,dev_825545,0,0,0
2788,436,2748290,3222945,4,wallet,77.75,dev_407724,0,2,0
2789,436,2301379,506050,5,bank_app,168.76,dev_068594,0,2,0
2790,436,451403,1395245,5,bank_app,29.63,dev_969173,0,0,0
2791,436,3223135,2725082,4,wallet,102.56,dev_910158,3,0,0
2792,436,747076,407140,4,wallet,85.84,dev_140907,3,2,0
2793,437,3224224,477042,6,web,15.41,dev_873113,3,2,0
2794,437,1822436,2323850,6,web,27.22,dev_585420,3,2,0
2795,437,1053423,13064,4,bank_app,10.65,dev_266175,3,3,0
2796,437,1625341,1819900,11,web,22.1,dev_976171,0,2,0
2797,437,1677854,2025765,5,qr_pay,13.96,dev_160913,0,2,0
2798,437,2303228,390363,5,qr_pay,17.07,dev_948960,0,3,0
2799,437,2019940,1241657,6,web,13.53,dev_607122,3,0,0
2800,438,601716,637616,6,merchant_api,20.52,dev_173012,2,3,0
2801,438,1942183,1018460,5,web,39.61,dev_241774,0,0,0
2802,438,3073118,3226457,4,qr_pay,30.34,dev_139903,2,3,0
2803,438,3191740,3226595,3,bank_app,5.82,dev_233292,2,3,0
2804,438,3222646,2240248,4,qr_pay,17.26,dev_669266,2,0,0
2805,438,3225837,1492842,4,qr_pay,8.61,dev_196572,2,3,0
2806,438,3220286,920974,11,merchant_api,33.1,dev_148378,2,2,0
2807,438,3226781,2305648,1,merchant_api,41.8,dev_193840,3,3,0
2808,439,428451,1645123,3,qr_pay,39.29,dev_176092,0,2,0
2809,439,798320,844416,5,merchant_api,12.08,dev_488474,2,2,0
2810,439,2926656,294238,5,merchant_api,30.64,dev_671445,3,0,0
2811,439,3228298,2281355,4,web,22.13,dev_790714,2,0,0
2812,439,3228086,3092548,5,merchant_api,8.81,dev_271412,2,2,0
2813,439,986149,857446,11,wallet,51.82,dev_250472,0,3,0
2814,439,2549162,1725858,4,web,70.54,dev_268794,3,0,0
2815,439,2599442,1096938,5,merchant_api,57.63,dev_556096,2,2,0
2816,439,166340,207549,4,web,19.54,dev_923544,3,0,0
2817,439,919972,1368351,4,web,97.65,dev_235590,2,2,0
2818,439,2431719,1541843,6,wallet,17.04,dev_153194,0,3,0
2819,440,1828882,406961,4,merchant_api,60.83,dev_940753,0,2,0
2820,440,3205836,2312890,5,wallet,15.49,dev_143810,2,2,0
2821,440,1815151,2114884,4,merchant_api,27.62,dev_964447,0,3,0
2822,440,3229373,1298676,6,bank_app,3.01,dev_420645,2,3,0
2823,440,2070853,2856937,6,bank_app,20.25,dev_367615,0,2,0
2824,440,3131790,3135325,1,bank_app,28.85,dev_249334,0,0,0
2825,440,689907,2157665,4,merchant_api,23.36,dev_774545,3,0,0
2826,440,1174641,1984712,5,wallet,119.17,dev_064490,0,2,0
2827,440,3229449,812802,1,bank_app,9.34,dev_549722,2,3,0
2828,441,660737,1144833,6,qr_pay,16.0,dev_186362,0,3,0
2829,441,2086906,2039074,4,wallet,14.96,dev_137496,0,0,0
2830,441,2972187,487180,5,bank_app,14.77,dev_233063,0,3,0
2831,441,1424063,2279125,6,qr_pay,67.24,dev_719135,0,0,0
2832,441,3230625,731922,4,wallet,127.77,dev_149227,3,3,0
2833,441,3230160,828318,6,qr_pay,14.14,dev_854509,2,3,0
2834,441,1080537,353070,5,bank_app,12.8,dev_980670,3,3,0
2835,441,2769073,1289038,5,bank_app,8.66,dev_536285,3,0,0
2836,441,644056,3231712,3,merchant_api,101.05,dev_825278,0,2,0
2837,441,2407172,1751131,4,wallet,92.66,dev_207038,2,2,0
2838,441,378624,436615,6,qr_pay,24.16,dev_630378,0,0,0
2839,441,3231059,1443040,5,bank_app,6.98,dev_070659,2,1,1
2840,442,2967429,975808,5,qr_pay,7.57,dev_983502,0,3,0
2841,442,3232653,3232705,1,web,30.99,dev_094558,3,3,0
2842,442,3232014,571482,4,bank_app,55.39,dev_614600,3,3,0
2843,442,606133,3129707,6,web,4.14,dev_996648,0,0,0
2844,442,2380385,624761,5,qr_pay,18.37,dev_097587,3,3,0
2845,442,1619345,3695214,5,qr_pay,105.26,dev_914128,3,0,0
2846,442,3167488,780550,5,qr_pay,20.17,dev_782893,3,2,0
2847,442,2982757,1755231,5,qr_pay,93.75,dev_582708,3,2,0
2848,442,1124942,991797,5,qr_pay,44.0,dev_467088,0,0,0
2849,442,994352,1830956,6,web,10.02,dev_575845,0,3,0
2850,442,914848,2282169,4,bank_app,25.96,dev_590057,0,2,0
2851,443,970983,567844,5,web,21.85,dev_990319,0,0,0
2852,443,639639,3049967,5,web,10.41,dev_745210,3,3,0
2853,443,532762,488388,6,merchant_api,11.1,dev_526670,3,0,0
2854,443,3234971,2497020,6,merchant_api,103.14,dev_210169,3,2,0
2855,443,3233662,2614225,5,web,10.18,dev_507603,3,2,0
2856,443,536858,3235142,5,web,64.75,dev_791430,2,3,0
2857,443,3233253,2597273,10,web,16.56,dev_715618,2,2,0
2858,443,751753,2108968,6,merchant_api,25.97,dev_448649,0,2,0
2859,444,1521330,2303453,5,merchant_api,40.68,dev_892264,2,2,0
2860,444,1671057,430520,4,web,19.71,dev_492050,0,3,0
2861,444,2080735,1784474,5,merchant_api,40.9,dev_236534,2,3,0
2862,444,3236132,1162219,6,wallet,4.21,dev_969310,2,2,0
2863,444,141513,3076879,5,merchant_api,36.44,dev_281228,0,2,0
2864,444,2063155,3236260,4,web,3.66,dev_992110,0,2,0
2865,444,1777146,1387237,5,merchant_api,20.0,dev_479499,2,3,0
2866,444,790323,616734,5,merchant_api,52.92,dev_190734,0,3,0
2867,444,2511397,1999136,5,merchant_api,42.95,dev_004879,3,2,0
2868,444,3018673,1193247,6,wallet,8.26,dev_564441,0,3,0
2869,444,3233885,1289069,11,wallet,9.27,dev_449374,3,2,0
2870,445,3238297,831469,6,bank_app,14.3,dev_098202,2,0,0
2871,445,2285373,2310606,5,wallet,29.01,dev_049253,0,0,0
2872,445,1185650,954088,6,bank_app,4.27,dev_862533,0,0,0
2873,445,1993488,716044,6,bank_app,26.26,dev_658598,0,0,0
2874,445,62704,1806289,5,wallet,32.47,dev_779283,2,2,0
2875,445,1061052,2045266,6,bank_app,20.6,dev_552656,0,2,0
2876,445,1336114,1029635,3,web,50.04,dev_270992,0,0,0
2877,445,3233210,446665,10,wallet,30.0,dev_465417,2,3,0
2878,445,2665650,3234666,1,bank_app,16.32,dev_738348,0,2,0
2879,446,3038308,485848,5,bank_app,4.29,dev_895087,2,2,0
2880,446,561156,295318,5,bank_app,27.66,dev_100257,0,2,0
2881,446,497244,253113,5,bank_app,10.4,dev_111158,3,0,0
2882,446,2045774,1407313,1,qr_pay,15.79,dev_234274,0,3,0
2883,446,3239179,2913943,4,wallet,52.0,dev_129002,3,0,0
2884,446,2624100,3207586,3,merchant_api,111.68,dev_441424,0,2,0
2885,447,1642247,1410605,5,qr_pay,23.71,dev_433065,0,0,0
2886,447,2592149,2617201,6,web,43.76,dev_793386,3,2,0
2887,447,1427747,2291666,4,bank_app,9.21,dev_880208,0,2,0
2888,447,2420719,2745179,5,qr_pay,30.6,dev_934069,0,0,0
2889,447,2976669,1266890,4,bank_app,32.01,dev_672548,2,0,0
2890,447,2399140,3240927,6,web,80.34,dev_377450,2,2,0
2891,447,804605,38109,5,qr_pay,15.08,dev_673382,0,0,0
2892,447,743661,1123997,5,qr_pay,19.74,dev_749152,0,0,0
2893,448,53474,347340,4,qr_pay,87.61,dev_453788,0,0,0
2894,448,3243199,1467882,5,web,22.58,dev_793482,3,2,0
2895,448,790436,611839,5,web,9.04,dev_576928,3,3,0
2896,448,2378188,1579192,5,web,243.83,dev_837514,0,2,0
2897,448,2373552,3688722,3,bank_app,11.81,dev_997899,0,0,0
2898,448,3243314,3099862,5,web,23.14,dev_406974,2,2,0
2899,448,2150111,3693016,6,merchant_api,36.31,dev_620090,0,0,0
2900,448,81189,759773,5,web,31.21,dev_672311,0,2,0
2901,448,3243477,1503084,4,qr_pay,28.48,dev_878803,2,3,0
2902,448,1556047,3242114,10,web,20.77,dev_841099,0,2,0
2903,449,589485,476446,5,merchant_api,19.86,dev_426194,3,3,0
2904,449,547509,229846,6,wallet,9.73,dev_069444,0,3,0
2905,449,440547,948347,5,merchant_api,169.9,dev_887998,3,2,0
2906,449,2687651,1376003,5,merchant_api,20.13,dev_595641,0,3,0
2907,449,2263629,1129152,6,wallet,45.48,dev_012565,0,2,0
2908,449,1926708,2307540,5,merchant_api,18.15,dev_767946,0,2,0
2909,449,1415396,1836176,4,web,24.55,dev_313764,0,0,0
2910,449,766978,712892,6,wallet,17.64,dev_286807,0,3,0
2911,449,2487883,3125219,5,merchant_api,6.08,dev_690092,2,2,0
2912,449,3201167,3229375,3,qr_pay,26.99,dev_518550,3,2,0
2913,450,4434,3245181,5,wallet,17.01,dev_145919,0,2,0
2914,450,731680,1728312,5,wallet,70.41,dev_728712,0,2,0
2915,450,2912506,2937783,5,wallet,8.36,dev_685120,0,2,0
2916,450,3246030,3204925,5,wallet,14.59,dev_742709,2,2,0
2917,450,3245807,455068,5,wallet,10.93,dev_544976,2,3,0
2918,450,1049219,1295848,6,bank_app,97.35,dev_800703,0,2,0
2919,450,221311,1989002,5,wallet,11.22,dev_331010,2,2,0
2920,451,298255,1217386,4,wallet,56.04,dev_534979,2,3,0
2921,451,1780125,3246524,5,bank_app,58.74,dev_287576,3,2,0
2922,451,868148,1105736,5,bank_app,21.51,dev_885651,0,0,0
2923,451,582228,795176,5,bank_app,7.11,dev_708290,0,3,0
2924,451,1246222,1469661,6,qr_pay,7.79,dev_918915,3,3,0
2925,452,640062,1226922,4,bank_app,73.24,dev_901927,0,3,0
2926,452,1481389,3059079,5,qr_pay,7.89,dev_157986,0,2,0
2927,452,1956502,3248145,9,bank_app,48.08,dev_869030,2,2,0
2928,452,1217303,288695,5,qr_pay,27.19,dev_400307,2,3,0
2929,452,472020,1733164,5,qr_pay,34.45,dev_358816,0,2,0
2930,452,3248076,1187042,6,web,40.63,dev_250883,2,0,0
2931,453,3249933,2449922,4,qr_pay,14.58,dev_305560,3,0,0
2932,453,3249516,2513452,5,web,10.2,dev_169296,2,2,0
2933,453,3250416,2120859,5,web,46.69,dev_748608,3,0,0
2934,453,3150324,2191385,5,web,13.92,dev_499602,2,0,0
2935,453,3250183,1878541,5,web,2.06,dev_809731,2,0,0
2936,453,1935848,126996,6,merchant_api,47.65,dev_501606,0,2,0
2937,453,3237407,3250206,6,merchant_api,10.46,dev_495257,3,0,0
2938,453,2734895,2100533,5,web,37.35,dev_689436,0,0,0
2939,453,379668,543899,5,web,85.93,dev_923699,0,0,0
2940,453,1298469,2033929,4,qr_pay,34.3,dev_378450,0,0,0
2941,454,3250784,3029704,6,wallet,65.12,dev_111477,3,3,0
2942,454,3250453,3690992,1,wallet,30.52,dev_599084,2,0,0
2943,454,2740472,3250675,3,qr_pay,130.15,dev_953972,0,2,0
2944,454,2886991,2212926,6,wallet,10.22,dev_115405,2,2,0
2945,454,3251541,3235978,4,web,33.54,dev_570788,2,2,0
2946,454,2537766,513707,6,wallet,48.71,dev_920829,0,3,0
2947,454,1633492,2169477,1,wallet,22.39,dev_350174,3,2,0
2948,454,1014208,1401034,5,merchant_api,69.2,dev_745709,3,3,0
2949,454,2922235,2251134,1,wallet,18.01,dev_647378,0,0,0
2950,454,933817,1543634,1,wallet,171.13,dev_314286,0,3,0
2951,454,2659915,2127667,3,qr_pay,210.6,dev_596271,0,2,0
2952,455,1526666,1223675,4,merchant_api,43.55,dev_261176,2,0,0
2953,455,387751,1366809,5,wallet,40.34,dev_517665,3,0,0
2954,455,2862508,1552588,4,merchant_api,98.74,dev_029890,3,3,0
2955,455,3252875,385395,5,wallet,8.43,dev_905451,2,3,0
2956,455,3253109,1478380,5,wallet,7.53,dev_664485,2,3,0
2957,455,3242449,234859,5,wallet,76.0,dev_396002,2,3,0
2958,455,685836,691829,1,bank_app,34.01,dev_804077,0,3,0
2959,455,3110079,2914705,5,wallet,20.01,dev_663013,0,2,0
2960,455,2632215,2293154,6,bank_app,26.84,dev_533989,2,2,0
2961,456,2076072,1250277,5,bank_app,2.86,dev_684134,0,2,0
2962,456,1556671,417623,5,bank_app,20.67,dev_098233,0,3,0
2963,456,3253969,292470,5,bank_app,12.46,dev_244059,3,0,0
2964,456,1582962,780873,6,qr_pay,60.72,dev_911872,0,0,0
2965,456,1376588,2030103,5,bank_app,60.07,dev_850017,0,2,0
2966,456,1268542,2905837,6,qr_pay,44.66,dev_345358,0,0,0
2967,456,3254139,1964497,7,web,41.1,dev_970966,0,2,0
2968,456,3253478,687619,6,qr_pay,6.91,dev_881390,2,0,0
2969,456,3253434,544635,5,bank_app,41.74,dev_174131,2,2,0
2970,457,3255044,2795745,5,qr_pay,43.23,dev_035193,2,2,0
2971,457,1744089,2013814,4,bank_app,103.61,dev_914868,0,0,0
2972,457,939552,406797,5,qr_pay,165.07,dev_539705,3,0,0
2973,457,1072048,1525591,5,qr_pay,5.35,dev_706464,0,2,0
2974,457,2679680,3255864,9,bank_app,23.82,dev_300423,0,2,0
2975,457,1279634,31400,5,qr_pay,12.58,dev_009027,0,3,0
2976,457,3256369,1701940,5,qr_pay,28.65,dev_207061,0,3,0
2977,457,1524507,705542,6,web,26.9,dev_443198,3,2,0
2978,457,503350,2653440,4,bank_app,27.37,dev_825476,2,2,0
2979,457,2178776,2362328,4,bank_app,85.19,dev_621255,0,2,0
2980,457,1816387,2703679,5,qr_pay,9.1,dev_197510,0,2,0
2981,458,2238708,2000289,4,qr_pay,13.24,dev_490536,0,0,0
2982,458,1867057,1954585,5,web,9.76,dev_108167,0,3,0
2983,458,3103382,3257515,5,web,17.74,dev_494378,3,2,0
2984,458,62832,2127323,9,qr_pay,11.18,dev_147309,0,3,0
2985,458,71732,3691663,6,merchant_api,25.44,dev_913204,0,2,0
2986,458,322048,359431,6,merchant_api,22.9,dev_566283,0,3,0
2987,458,2662083,2970030,5,web,12.09,dev_047974,0,2,0
2988,458,2313127,2975374,6,merchant_api,58.35,dev_983223,0,3,0
2989,458,3255217,984105,5,web,23.25,dev_233780,2,2,0
2990,458,1127365,1259042,5,web,63.84,dev_842429,0,2,0
2991,458,799813,805063,5,web,20.58,dev_372289,0,3,0
2992,458,910272,1580038,4,qr_pay,33.06,dev_792848,0,0,0
2993,459,2486802,2425866,5,merchant_api,14.78,dev_091704,0,3,0
2994,459,2401285,2462455,4,web,33.57,dev_657582,3,0,0
2995,459,321465,1094070,5,merchant_api,46.57,dev_613473,0,0,0
2996,459,2159823,1892995,5,merchant_api,16.94,dev_443904,0,3,0
2997,459,525310,1173576,1,wallet,42.38,dev_810789,3,3,0
2998,459,3259350,141640,4,web,16.26,dev_344633,2,0,0
2999,459,220170,346246,2,bank_app,57.01,dev_885210,0,2,0
3000,459,2771931,1157221,5,merchant_api,14.56,dev_783903,0,3,0
3001,459,2580459,1530296,5,merchant_api,52.8,dev_928309,3,3,0
3002,459,1512176,2861380,6,wallet,28.07,dev_431762,3,2,0
3003,459,2708900,2400431,5,merchant_api,96.43,dev_385631,0,0,0
3004,459,3259474,1514253,6,wallet,9.41,dev_127639,2,3,0
3005,459,3257515,1503877,10,merchant_api,6.5,dev_587995,2,2,0
3006,460,846744,2531655,5,wallet,14.09,dev_852620,3,2,0
3007,460,3118474,1962443,5,wallet,7.06,dev_757795,0,2,0
3008,460,2013377,318846,5,wallet,7.07,dev_939777,0,0,0
3009,460,3261066,34978,4,merchant_api,59.11,dev_244078,2,3,0
3010,460,2559948,3260208,5,wallet,24.44,dev_435054,0,3,0
3011,460,3260510,775038,4,merchant_api,21.94,dev_721836,2,0,0
3012,460,3259511,827511,5,wallet,17.32,dev_006739,2,2,0
3013,460,1104846,3260807,6,bank_app,15.53,dev_152725,0,2,0
3014,460,1478748,1310864,5,wallet,108.35,dev_645971,0,0,0
3015,461,3262401,596426,2,web,14.85,dev_069205,2,0,0
3016,461,1030398,1485810,6,qr_pay,8.09,dev_954172,0,3,0
3017,461,2752353,3107114,4,wallet,69.16,dev_487151,0,0,0
3018,461,2058573,1283457,4,wallet,27.82,dev_049285,0,0,0
3019,461,19362,2500496,5,bank_app,153.68,dev_836970,3,2,0
3020,461,1995620,1301176,6,qr_pay,16.55,dev_156936,3,2,0
3021,461,2888891,1426893,4,wallet,72.34,dev_925642,2,3,0
3022,461,3261968,1585147,5,bank_app,64.97,dev_810927,2,3,0
3023,461,1456195,1805949,4,wallet,21.13,dev_413616,0,2,0
3024,461,975075,3262666,10,bank_app,12.57,dev_184780,3,2,0
3025,461,1608734,1214695,4,wallet,65.84,dev_303972,3,0,0
3026,461,2542817,154571,4,wallet,56.68,dev_601785,2,3,0
3027,461,394560,788156,5,bank_app,6.89,dev_625473,3,2,0
3028,461,1399553,2828950,5,bank_app,8.89,dev_262790,0,2,0
3029,461,2818458,506196,9,wallet,3.45,dev_475299,2,0,0
3030,461,3262275,489769,6,qr_pay,45.42,dev_532977,2,3,0
3031,462,3086644,3196989,10,qr_pay,19.38,dev_240447,2,3,0
3032,462,2087847,2615373,5,qr_pay,21.2,dev_720698,0,2,0
3033,462,1463366,3035043,6,web,5.8,dev_587657,0,0,0
3034,462,263766,994654,5,qr_pay,9.13,dev_130138,3,2,0
3035,462,905616,139604,11,web,17.28,dev_061572,0,3,0
3036,462,614225,952875,4,bank_app,18.45,dev_592093,3,3,0
3037,462,976973,2104353,4,bank_app,37.56,dev_620760,0,2,0
3038,462,3264671,1490593,5,qr_pay,41.48,dev_990324,2,3,0
3039,462,2410517,3263093,5,qr_pay,189.17,dev_880389,2,2,0
3040,462,1936282,3027783,5,qr_pay,24.09,dev_821170,0,2,0
3041,463,2857826,652030,6,merchant_api,72.52,dev_099099,0,0,0
3042,463,621095,1869420,4,qr_pay,16.01,dev_608025,3,0,0
3043,463,598680,2654927,5,web,5.43,dev_199450,3,2,0
3044,463,3265132,1202673,6,merchant_api,19.35,dev_075598,2,2,0
3045,463,580209,817121,5,web,5.82,dev_820371,2,0,0
3046,463,3265967,3263029,4,qr_pay,34.23,dev_338160,2,2,0
3047,464,2604436,2368755,5,merchant_api,12.15,dev_268549,0,2,0
3048,464,101610,3266800,5,merchant_api,4.23,dev_198339,0,2,0
3049,464,2757374,2877848,6,wallet,126.78,dev_659010,2,2,0
3050,464,1827163,1534862,5,merchant_api,15.12,dev_493819,3,3,0
3051,464,3267471,2153915,5,merchant_api,5.62,dev_528570,2,2,0
3052,464,2439398,2485101,5,merchant_api,55.06,dev_680909,2,3,0
3053,464,2606507,3267553,4,web,17.54,dev_747521,0,2,0
3054,464,341297,3265649,5,merchant_api,65.44,dev_891831,3,2,0
3055,464,2156496,1064519,1,wallet,13.73,dev_079761,3,2,0
3056,464,1448078,1476294,5,merchant_api,15.08,dev_903651,0,3,0
3057,464,3267369,1150727,1,wallet,36.25,dev_156050,2,2,0
3058,464,1554851,3267134,4,web,57.62,dev_061555,3,2,0
3059,465,218662,3269130,4,merchant_api,67.47,dev_679682,0,2,0
3060,465,3269055,191243,4,merchant_api,31.16,dev_152572,3,0,0
3061,465,3268723,2016424,4,merchant_api,54.37,dev_988475,2,0,0
3062,465,182974,170117,4,merchant_api,66.09,dev_292901,0,3,0
3063,465,2595309,1502300,6,bank_app,31.83,dev_779922,2,0,0
3064,465,160313,158068,5,wallet,21.58,dev_937337,3,0,0
3065,465,2333933,3268222,5,wallet,6.68,dev_475220,3,2,0
3066,465,1593746,3204681,2,qr_pay,49.37,dev_339133,0,0,0
3067,465,3052488,3268592,4,merchant_api,35.09,dev_524105,0,2,0
3068,466,1606894,3691520,5,bank_app,16.91,dev_648383,0,0,0
3069,466,3270114,2955266,5,bank_app,77.48,dev_623379,2,2,0
3070,466,3270525,1510580,4,wallet,9.35,dev_856777,3,2,0
3071,466,488378,2605810,5,bank_app,107.73,dev_108240,0,0,0
3072,466,1870525,3270271,9,wallet,33.11,dev_012845,0,2,0
3073,466,3270623,2598919,5,bank_app,32.65,dev_952513,2,0,0
3074,466,1904032,3153997,4,wallet,23.68,dev_019206,3,2,0
3075,466,3269218,3226978,5,bank_app,5.47,dev_108145,2,0,0
3076,466,3270122,2204498,5,bank_app,21.64,dev_146994,2,2,0
3077,466,2060717,2951321,6,qr_pay,35.92,dev_864695,0,2,0
3078,466,1463524,2907749,5,bank_app,45.09,dev_859452,0,0,0
3079,467,1042709,2871579,6,web,22.24,dev_954032,3,3,0
3080,467,2636151,209206,6,web,3.69,dev_319278,2,2,0
3081,467,3272057,862763,4,bank_app,8.44,dev_609379,0,3,0
3082,468,2860509,1810718,6,merchant_api,168.48,dev_945159,3,2,0
3083,468,893623,2157707,5,web,9.18,dev_279140,0,2,0
3084,468,1599998,3067873,5,web,88.62,dev_808967,3,2,0
3085,468,612237,3086899,5,web,10.58,dev_296670,3,2,0
3086,468,1637494,2177168,4,qr_pay,28.67,dev_241593,2,2,0
3087,468,1713665,2608107,5,web,43.06,dev_096105,0,0,0
3088,468,2120522,2109926,5,web,11.73,dev_996116,0,2,0
3089,468,3273305,3239072,6,merchant_api,111.39,dev_289720,3,2,0
3090,468,3135517,647299,5,web,26.26,dev_616651,2,2,0
3091,469,3134498,3274561,4,web,51.15,dev_357011,3,2,0
3092,469,100789,2991475,6,wallet,20.89,dev_001059,0,2,0
3093,469,2304391,3274790,5,merchant_api,44.38,dev_652271,3,3,0
3094,469,1797509,1755133,5,merchant_api,101.59,dev_290250,3,2,0
3095,469,2179013,3275025,5,merchant_api,21.8,dev_845550,2,2,0
3096,469,1527931,277227,5,merchant_api,116.37,dev_223382,3,3,0
3097,470,3276670,1097133,1,bank_app,15.33,dev_857276,2,2,0
3098,470,35680,766455,5,wallet,48.8,dev_041294,0,2,0
3099,470,1984486,2696202,5,wallet,38.1,dev_206830,0,0,0
3100,470,3276279,3164250,5,wallet,9.38,dev_584009,2,2,0
3101,470,1784550,2028879,4,merchant_api,40.95,dev_880818,0,0,0
3102,470,1750777,345758,5,wallet,24.7,dev_091172,3,0,0
3103,470,2405565,962673,6,bank_app,12.33,dev_791856,3,0,0
3104,470,1131484,2701502,4,merchant_api,46.63,dev_771393,0,2,0
3105,470,388319,3693701,6,bank_app,30.32,dev_142124,0,0,0
3106,470,3275909,1344375,5,wallet,22.98,dev_827546,0,3,0
3107,470,1430799,1490363,1,bank_app,24.99,dev_018591,0,0,0
3108,471,373225,1151718,6,qr_pay,24.51,dev_671285,0,0,0
3109,471,2630424,3003366,4,wallet,24.27,dev_448852,0,2,0
3110,471,130532,502463,5,bank_app,27.82,dev_362021,0,0,0
3111,471,2517317,2624735,3,merchant_api,17.47,dev_019658,2,2,0
3112,471,2651188,3107925,5,bank_app,268.04,dev_698264,3,2,0
3113,471,2295481,2719132,5,bank_app,6.9,dev_542822,2,2,0
3114,471,1605504,455370,4,wallet,19.96,dev_316699,0,0,0
3115,472,2662081,749478,6,web,16.86,dev_132935,0,0,0
3116,472,497223,2190303,6,web,166.74,dev_750631,0,2,0
3117,472,230765,1419439,4,bank_app,10.3,dev_926704,0,0,0
3118,472,2823576,3278473,5,qr_pay,35.99,dev_624853,0,2,0
3119,472,2350707,497482,5,qr_pay,30.68,dev_718460,0,0,0
3120,472,3279147,756634,5,qr_pay,33.12,dev_415617,2,0,0
3121,472,3278912,1562083,4,bank_app,102.79,dev_966851,2,0,0
3122,473,901065,120235,5,web,73.28,dev_787487,0,3,0
3123,473,1343006,1521770,3,bank_app,20.78,dev_897245,0,2,0
3124,473,3240105,177173,5,web,29.21,dev_059570,2,0,0
3125,473,1559532,693405,5,web,4.58,dev_527237,3,2,0
3126,473,1581182,2901237,5,web,26.82,dev_252111,0,2,0
3127,473,2846235,1421660,6,merchant_api,13.01,dev_244429,2,2,0
3128,473,3278931,2589588,9,qr_pay,28.57,dev_239466,2,2,0
3129,473,3280181,404546,4,qr_pay,7.41,dev_216616,0,0,0
3130,473,3279656,346311,5,web,35.32,dev_935200,0,3,0
3131,473,2192775,3279642,5,web,5.33,dev_542360,0,2,0
3132,473,2615702,3280288,5,web,28.04,dev_327323,2,0,0
3133,473,2669317,335136,5,web,8.13,dev_436204,0,0,0
3134,473,3280857,2773896,4,qr_pay,15.73,dev_632624,2,2,0
3135,473,3280429,2946476,5,web,69.36,dev_217743,2,2,0
3136,474,2364135,2944399,5,merchant_api,41.64,dev_510316,0,2,0
3137,474,3282376,1943032,4,web,95.04,dev_837054,2,2,0
3138,474,1290780,1268550,5,merchant_api,99.86,dev_881123,0,3,0
3139,474,3281437,243173,6,wallet,13.26,dev_691603,2,0,0
3140,474,3281264,2199592,4,web,130.2,dev_618435,0,2,0
3141,474,3280081,1489498,6,wallet,7.11,dev_208564,3,0,0
3142,474,3005752,2445260,4,web,66.12,dev_502402,0,2,0
3143,474,26097,450621,5,merchant_api,15.74,dev_455164,0,3,0
3144,474,2771016,3190125,6,wallet,11.5,dev_205542,0,2,0
3145,474,2011068,2268570,4,web,58.73,dev_716308,0,2,0
3146,474,3281754,2464341,5,merchant_api,57.42,dev_418928,2,2,0
3147,474,458233,2021004,5,merchant_api,55.91,dev_599693,3,0,0
3148,474,3162913,3282022,1,wallet,32.25,dev_453574,0,0,0
3149,474,618255,1856111,6,wallet,29.93,dev_348546,0,3,0
3150,475,1613604,1762183,5,wallet,39.42,dev_648624,0,0,0
3151,475,180461,2709047,10,wallet,32.25,dev_378716,0,3,0
3152,475,1519915,1823126,5,wallet,39.93,dev_848332,0,3,0
3153,475,3048690,1769668,10,wallet,29.48,dev_234036,2,2,0
3154,475,759452,2202954,5,wallet,52.38,dev_753280,0,2,0
3155,475,2853862,1036567,6,bank_app,6.14,dev_409421,3,0,0
3156,475,3269888,3283279,2,qr_pay,25.58,dev_923475,2,2,0
3157,475,867733,1731650,3,web,8.98,dev_180080,3,0,0
3158,475,3283576,2560312,5,wallet,31.47,dev_769346,2,0,0
3159,475,2689500,3283769,2,qr_pay,126.18,dev_048773,3,2,0
3160,476,3285473,3152547,4,wallet,22.05,dev_223054,2,0,0
3161,476,1085335,1476575,4,wallet,37.88,dev_844992,0,0,0
3162,476,66119,3082198,5,bank_app,48.46,dev_915669,3,3,0
3163,476,1087201,169302,5,bank_app,3.82,dev_094910,0,0,0
3164,476,254544,129267,6,qr_pay,16.61,dev_632822,0,2,0
3165,476,146638,2457689,5,bank_app,34.06,dev_532376,3,2,0
3166,476,979811,438416,5,bank_app,1.81,dev_436178,0,0,0
3167,476,2897552,3284250,1,qr_pay,11.03,dev_323487,3,2,0
3168,477,3284063,3286484,5,qr_pay,66.07,dev_015636,3,2,0
3169,477,443607,755177,5,qr_pay,60.5,dev_295184,0,2,0
3170,477,3285620,1033948,10,qr_pay,34.36,dev_143847,2,3,0
3171,477,1778061,1361357,4,bank_app,74.74,dev_342233,3,0,0
3172,477,3282236,3285914,4,bank_app,41.0,dev_895263,3,2,0
3173,477,1888935,1057941,6,web,43.81,dev_841041,3,2,0
3174,478,512407,1746954,6,merchant_api,20.0,dev_805385,3,2,0
3175,478,2395175,2948646,5,web,27.23,dev_072750,0,0,0
3176,478,916742,3288085,5,web,13.89,dev_571270,0,0,0
3177,478,1060177,3287506,5,web,76.49,dev_518889,3,2,0
3178,478,2352605,2574504,6,merchant_api,104.52,dev_080574,2,2,0
3179,478,2065133,824774,5,web,84.94,dev_478032,2,3,0
3180,478,462705,29367,5,web,16.99,dev_921102,3,0,0
3181,478,2895327,3089607,4,qr_pay,14.32,dev_071277,0,2,0
3182,478,1577474,1899770,4,qr_pay,106.62,dev_726902,3,2,0
3183,478,989084,340821,6,merchant_api,43.36,dev_851159,3,3,0
3184,478,1385835,3287516,4,qr_pay,45.41,dev_674103,0,0,0
3185,479,2704086,2759512,4,web,19.1,dev_707153,2,2,0
3186,479,958930,460431,5,merchant_api,35.98,dev_119170,0,3,0
3187,479,2329780,2554615,5,merchant_api,9.24,dev_916501,0,2,0
3188,479,657960,387888,4,web,59.78,dev_601489,0,2,0
3189,479,2564767,3288656,5,merchant_api,84.86,dev_234578,3,2,0
3190,479,2014492,1403098,4,web,146.63,dev_730191,0,0,0
3191,479,3259469,2452271,6,wallet,50.28,dev_986354,2,2,0
3192,479,3288935,596850,4,web,9.74,dev_800047,0,2,0
3193,479,987594,1335803,4,web,40.35,dev_131165,0,0,0
3194,479,3015693,3280560,5,merchant_api,168.29,dev_804663,3,2,0
3195,479,3132611,3203485,7,bank_app,13.17,dev_733333,2,3,0
3196,480,981030,137124,4,merchant_api,32.03,dev_343467,3,0,0
3197,480,1452964,71309,6,bank_app,94.84,dev_476600,0,0,0
3198,480,3068706,3289958,5,wallet,42.75,dev_838371,0,2,0
3199,480,518231,1972478,5,wallet,228.64,dev_332173,3,2,0
3200,481,2055199,1749438,1,qr_pay,13.74,dev_695745,2,0,0
3201,481,3132111,758856,6,qr_pay,10.9,dev_046713,2,3,0
3202,481,2802884,2331264,5,bank_app,73.83,dev_867102,2,2,0
3203,481,3290667,2565342,10,bank_app,8.36,dev_562317,2,2,0
3204,481,3291458,602958,5,bank_app,20.55,dev_359635,2,0,0
3205,481,2558294,194262,1,qr_pay,25.05,dev_114945,0,0,0
3206,481,1487486,1105895,6,qr_pay,67.52,dev_027790,0,0,0
3207,481,73427,3202366,5,bank_app,42.64,dev_613998,0,3,0
3208,481,3290870,3084262,9,wallet,50.98,dev_606164,3,2,0
3209,481,28441,418385,5,bank_app,17.08,dev_365322,0,3,0
3210,481,3291503,234258,5,bank_app,73.22,dev_239935,2,0,0
3211,481,2803838,187308,4,wallet,1265.52,dev_032059,2,3,0
3212,481,1954835,1672600,4,wallet,62.94,dev_233910,0,2,0
3213,482,2110987,1235249,5,qr_pay,26.83,dev_808950,2,0,0
3214,482,155234,2776588,6,web,8.26,dev_813408,0,2,0
3215,482,2851595,1702616,5,qr_pay,13.82,dev_590607,2,3,0
3216,482,633746,1724659,6,web,21.93,dev_156891,3,0,0
3217,482,182004,338315,6,web,16.43,dev_647636,0,2,0
3218,482,2579405,2307525,5,qr_pay,24.18,dev_076951,0,0,0
3219,482,3292730,652285,5,qr_pay,121.54,dev_532752,2,0,0
3220,483,2953039,2667352,4,qr_pay,103.8,dev_351533,0,2,0
3221,483,3220984,906684,5,web,21.26,dev_053814,3,1,1
3222,483,1647268,959170,4,qr_pay,11.39,dev_213731,0,3,0
3223,484,1017888,1519280,5,merchant_api,81.75,dev_584750,2,0,0
3224,484,3295965,1800112,5,merchant_api,23.47,dev_888347,2,2,0
3225,484,1316778,1783054,5,merchant_api,5.19,dev_760821,0,2,0
3226,484,525490,145363,6,wallet,50.46,dev_231340,3,1,1
3227,484,1745722,1315366,6,wallet,66.89,dev_257912,0,2,0
3228,484,778110,282941,5,merchant_api,2.76,dev_278144,3,2,0
3229,484,3294987,2022116,4,web,16.09,dev_967012,2,2,0
3230,484,3295168,2419968,4,web,30.59,dev_157775,2,2,0
3231,484,1718657,1266032,3,qr_pay,60.4,dev_939381,0,0,0
3232,485,241467,2050060,6,bank_app,16.71,dev_613390,0,1,1
3233,485,3291816,1796318,4,merchant_api,15.98,dev_390005,2,3,0
3234,485,1340117,1641760,5,wallet,47.2,dev_067318,3,3,0
3235,485,3135942,1019384,5,wallet,16.1,dev_215048,2,3,0
3236,485,275106,160593,4,merchant_api,55.03,dev_138883,3,3,0
3237,485,1321761,3251618,6,bank_app,9.77,dev_771109,0,2,0
3238,485,2577683,2697349,4,merchant_api,10.0,dev_714652,3,2,0
3239,485,1367368,2621193,5,wallet,48.41,dev_727422,0,2,0
3240,485,628928,630440,5,wallet,30.79,dev_377009,0,3,0
3241,485,1706213,3211528,5,wallet,56.27,dev_644816,0,3,0
3242,485,351567,2226193,4,merchant_api,20.92,dev_026299,0,0,0
3243,486,3144304,3297796,5,bank_app,11.99,dev_411295,0,0,0
3244,486,625343,61409,5,bank_app,83.48,dev_640938,0,0,0
3245,486,552502,856349,3,merchant_api,7.92,dev_505949,2,3,0
3246,486,5715,2362723,5,bank_app,75.66,dev_603351,3,0,0
3247,486,114242,350591,5,bank_app,80.52,dev_641589,0,2,0
3248,486,1626381,3297063,5,bank_app,53.2,dev_697374,3,2,0
3249,486,3297871,1577416,2,web,15.5,dev_500552,2,2,0
3250,486,612873,646241,5,bank_app,11.76,dev_474827,2,3,0
3251,486,61069,379840,6,qr_pay,22.0,dev_511973,0,2,0
3252,487,1030288,2591633,5,qr_pay,7.65,dev_312323,2,2,0
3253,487,3299235,2734365,5,qr_pay,10.32,dev_473179,2,2,0
3254,487,3298736,1144558,1,web,47.48,dev_105939,2,0,0
3255,487,34032,2754353,5,qr_pay,44.01,dev_164650,2,2,0
3256,487,3298851,670644,5,qr_pay,9.54,dev_075204,2,3,0
3257,487,3127618,2483413,5,qr_pay,45.08,dev_691799,3,2,0
3258,488,311694,603180,6,merchant_api,40.0,dev_516989,3,0,0
3259,488,1203891,3275540,5,web,95.48,dev_304071,3,2,0
3260,488,1441727,1661508,4,qr_pay,56.39,dev_833773,0,3,0
3261,488,1524612,3063560,4,qr_pay,87.59,dev_255419,2,0,0
3262,488,3025984,1386841,5,web,37.69,dev_997709,2,3,0
3263,488,290517,3284468,5,web,59.26,dev_807557,0,2,0
3264,488,3300820,1643667,6,merchant_api,8.34,dev_003480,2,3,0
3265,488,3300519,2068538,2,wallet,25.8,dev_437359,2,2,0
3266,488,2388797,841029,4,qr_pay,32.62,dev_797461,0,2,0
3267,488,3006719,2052069,6,merchant_api,21.34,dev_396509,0,2,0
3268,488,425904,37017,5,web,36.58,dev_451232,3,0,0
3269,489,2787384,2067180,6,wallet,47.04,dev_881535,2,0,0
3270,489,1107512,2704166,4,web,48.09,dev_029758,3,2,0
3271,489,1209388,3053022,5,merchant_api,20.92,dev_157943,3,0,0
3272,489,2458660,3241985,9,web,17.42,dev_289056,2,2,0
3273,489,1919368,3301439,10,merchant_api,65.86,dev_949977,2,2,0
3274,489,3242173,3301898,4,web,46.28,dev_766582,2,2,0
3275,490,449033,510853,5,wallet,9.81,dev_774553,0,2,0
3276,490,1010853,32462,10,wallet,20.61,dev_787879,2,2,0
3277,490,2442458,3015835,4,merchant_api,7.04,dev_566242,0,2,0
3278,490,1356068,1041633,5,wallet,25.33,dev_964616,0,3,0
3279,490,3303635,2151589,5,wallet,20.52,dev_075941,2,2,0
3280,490,1139025,186614,4,merchant_api,20.15,dev_381575,0,2,0
3281,490,2684941,3304271,1,bank_app,110.62,dev_138212,2,2,0
3282,490,3303878,1559080,5,wallet,8.67,dev_130104,2,0,0
3283,490,3302506,160012,1,bank_app,50.19,dev_842317,2,3,0
3284,490,2248967,2539587,5,wallet,175.57,dev_361872,2,2,0
3285,490,3302008,50661,11,bank_app,70.07,dev_592737,2,3,0
3286,490,1276675,2591151,2,qr_pay,27.98,dev_965955,0,2,0
3287,491,690063,1089744,6,qr_pay,9.58,dev_123920,2,0,0
3288,491,1578530,3283372,5,bank_app,7.2,dev_986058,3,2,0
3289,491,213476,2674259,5,bank_app,16.94,dev_287160,0,3,0
3290,491,3286095,2990001,5,bank_app,13.22,dev_633577,3,2,0
3291,491,2870982,3305853,9,wallet,17.68,dev_575191,2,2,0
3292,491,14096,722625,5,bank_app,18.29,dev_148425,2,3,0
3293,491,2916168,1377305,6,qr_pay,24.24,dev_670880,3,0,0
3294,491,3304626,2356721,5,bank_app,37.97,dev_262202,3,2,0
3295,491,3305397,3030623,4,wallet,11.09,dev_791738,3,0,0
3296,491,3305433,2398884,5,bank_app,13.28,dev_408873,2,0,0
3297,491,433610,1729893,6,qr_pay,23.02,dev_186914,3,0,0
3298,491,2335823,157418,4,wallet,28.33,dev_360470,2,3,0
3299,491,1014314,2726273,5,bank_app,128.1,dev_480129,3,2,0
3300,492,2903254,2838591,5,qr_pay,30.24,dev_060237,0,2,0
3301,492,707548,801753,6,web,6.22,dev_315198,0,2,0
3302,492,3225436,2120112,5,qr_pay,35.74,dev_464505,2,2,0
3303,492,660908,2503941,6,web,43.43,dev_299355,3,2,0
3304,492,1785032,1637969,6,web,23.75,dev_898618,0,0,0
3305,492,1692883,1243072,4,bank_app,11.34,dev_532692,0,3,0
3306,492,3141499,3306258,1,web,129.31,dev_434089,2,2,0
3307,492,1270105,2491842,5,qr_pay,9.37,dev_634464,0,2,0
3308,492,1838660,2087641,5,qr_pay,44.46,dev_422424,3,0,0
3309,492,1516620,1393453,10,qr_pay,29.37,dev_936711,0,2,0
3310,492,1525830,1905433,6,web,45.64,dev_686527,3,2,0
3311,493,2324093,326807,5,web,114.0,dev_401584,2,3,0
3312,493,741784,1060356,6,merchant_api,44.06,dev_000947,3,3,0
3313,493,2058363,2297837,6,merchant_api,16.07,dev_304656,2,0,0
3314,493,968333,2187777,4,qr_pay,91.41,dev_722116,2,0,0
3315,493,2330123,1787102,9,qr_pay,19.14,dev_655928,2,2,0
3316,493,1904699,2938900,5,web,28.42,dev_130336,3,2,0
3317,493,463869,2494206,5,web,7.66,dev_256061,3,2,0
3318,493,2866866,576207,2,wallet,11.36,dev_673697,3,2,0
3319,493,1168287,737056,6,merchant_api,27.83,dev_220718,3,3,0
3320,493,2682963,3308430,4,qr_pay,47.05,dev_658952,2,2,0
3321,493,3307869,2319284,5,web,5.3,dev_744739,2,2,0
3322,494,3310263,923336,6,wallet,41.58,dev_773522,2,2,0
3323,494,1210322,339412,4,web,16.16,dev_243152,0,0,0
3324,494,3309100,2073824,5,merchant_api,77.61,dev_493815,2,0,0
3325,494,2433882,679943,5,merchant_api,17.87,dev_684888,0,0,0
3326,494,429292,1449464,5,merchant_api,8.92,dev_893201,0,2,0
3327,494,3250655,3309809,1,wallet,28.45,dev_214951,2,2,0
3328,494,3309621,459726,6,wallet,11.65,dev_856763,2,0,0
3329,494,2763458,1365015,5,merchant_api,76.86,dev_221383,0,3,0
3330,494,3048573,1782700,4,web,33.8,dev_157422,2,0,0
3331,494,3309935,32104,6,wallet,23.18,dev_010518,2,0,0
3332,495,463927,59532,5,wallet,41.79,dev_636135,2,0,0
3333,495,3074010,3310752,11,bank_app,10.76,dev_957654,2,2,0
3334,495,3311556,2312331,5,wallet,7.69,dev_677212,2,0,0
3335,495,1607340,776748,4,merchant_api,48.79,dev_146529,0,0,0
3336,495,3310366,1626782,4,merchant_api,12.56,dev_622252,2,0,0
3337,495,2704730,1344233,5,wallet,9.12,dev_039979,0,0,0
3338,495,1936965,503279,5,wallet,52.1,dev_610322,3,0,0
3339,495,3311477,2703326,5,wallet,39.35,dev_268201,0,2,0
3340,495,2474284,3310232,4,merchant_api,10.93,dev_728437,0,2,0
3341,495,1635777,1766377,6,bank_app,15.22,dev_710527,0,3,0
3342,496,202576,1381373,5,bank_app,10.88,dev_992862,0,3,0
3343,496,3313078,1714059,4,wallet,167.12,dev_467939,2,0,0
3344,496,3312033,2689458,5,bank_app,55.45,dev_069862,2,2,0
3345,496,2576650,1909317,4,wallet,23.13,dev_600862,2,3,0
3346,496,1784430,829267,5,bank_app,41.21,dev_210730,3,2,0
3347,496,3008693,2409127,5,bank_app,7.24,dev_003904,2,2,0
3348,496,3009599,3311602,4,wallet,18.44,dev_236157,2,2,0
3349,496,3312106,2732908,5,bank_app,26.96,dev_538076,2,0,0
3350,497,3081339,1184190,10,qr_pay,36.86,dev_511313,0,0,0
3351,497,1464591,3112884,10,qr_pay,22.47,dev_246909,2,3,0
3352,497,2803391,3313105,5,qr_pay,30.67,dev_127094,0,2,0
3353,497,3313461,3313880,4,bank_app,36.25,dev_085213,0,0,0
3354,497,3312581,53948,11,web,22.94,dev_051027,2,0,0
3355,497,3108158,2188920,5,qr_pay,18.79,dev_745000,2,0,0
3356,498,3314464,1189230,4,qr_pay,23.02,dev_891261,2,3,0
3357,498,1353458,1914867,4,qr_pay,41.63,dev_367809,2,3,0
3358,498,1468837,2817330,6,merchant_api,38.46,dev_090473,3,2,0
3359,498,3314515,1662697,4,qr_pay,40.39,dev_410950,2,2,0
3360,499,3315752,498205,5,merchant_api,8.49,dev_888825,2,0,0
3361,499,1909450,2495973,4,web,13.75,dev_223496,2,2,0
3362,499,3010018,1269261,4,web,48.38,dev_385051,0,2,0
3363,499,2011589,2042303,4,web,127.04,dev_011992,0,2,0
3364,499,142042,3173412,5,merchant_api,28.14,dev_039552,0,2,0
3365,499,1893847,636599,5,merchant_api,16.94,dev_562236,0,0,0
3366,499,1635241,2155523,5,merchant_api,30.02,dev_379555,3,2,0
3367,499,2976152,1374688,4,web,12.14,dev_289031,0,0,0
3368,500,2203763,3317233,3,web,101.3,dev_458695,3,2,0
3369,500,3295680,2306682,4,merchant_api,39.96,dev_687600,2,0,0
3370,500,923250,304946,5,wallet,13.43,dev_649278,3,0,0
3371,500,2115794,993100,11,bank_app,22.87,dev_790759,0,0,0
3372,500,712782,2155073,5,wallet,15.27,dev_616390,2,2,0
3373,500,3315748,703892,5,wallet,79.88,dev_637901,2,0,0
3374,500,416303,808831,3,web,26.0,dev_636414,0,0,0
3375,500,3315120,994077,4,merchant_api,38.85,dev_380340,2,0,0
3376,501,3318275,96785,1,qr_pay,44.54,dev_900076,2,2,0
3377,501,3318850,2786150,6,qr_pay,13.64,dev_586408,2,0,0
3378,501,3032349,1571484,5,bank_app,29.2,dev_927067,2,2,0
3379,501,1293050,3318046,4,wallet,43.25,dev_909981,0,2,0
3380,501,2937454,1444907,6,qr_pay,6.56,dev_021574,2,2,0
3381,501,1331447,3318369,5,bank_app,30.8,dev_474865,0,2,0
3382,501,3127390,3318277,4,wallet,32.42,dev_852619,0,0,0
3383,502,3112154,3320133,5,qr_pay,27.58,dev_262496,0,2,0
3384,502,3319536,1821521,5,qr_pay,25.33,dev_598550,3,3,0
3385,502,1452765,1126000,6,web,33.56,dev_305142,0,3,0
3386,502,2104411,1995872,6,web,88.55,dev_903515,0,0,0
3387,502,2425094,2207195,4,bank_app,11.69,dev_952939,0,2,0
3388,502,1932242,952252,6,web,19.53,dev_741170,2,3,0
3389,503,1351569,1458085,5,web,44.7,dev_757926,0,2,0
3390,503,2083998,2837510,5,web,37.82,dev_977788,2,2,0
3391,503,1204246,1862397,4,qr_pay,51.08,dev_042817,0,2,0
3392,503,218270,690997,5,web,292.43,dev_643092,0,0,0
3393,504,162620,1744444,5,merchant_api,42.64,dev_826472,3,3,0
3394,504,771161,3267737,1,wallet,73.54,dev_856116,3,2,0
3395,504,3322010,1725502,4,web,25.63,dev_882270,2,3,0
3396,504,1018748,3229427,6,wallet,10.87,dev_736186,0,2,0
3397,504,1747917,2533245,4,web,25.46,dev_935628,0,0,0
3398,504,3322172,1342509,6,wallet,50.44,dev_385874,2,0,0
3399,505,228810,514367,5,wallet,35.38,dev_160767,0,3,0
3400,505,561968,1665281,5,wallet,35.27,dev_154862,0,0,0
3401,505,3323826,2831390,4,merchant_api,27.86,dev_899461,2,3,0
3402,505,3323913,2804740,6,bank_app,18.98,dev_627439,2,2,0
3403,505,2106309,1443113,6,bank_app,22.6,dev_958558,3,2,0
3404,506,3222521,2826128,1,qr_pay,51.01,dev_299587,2,0,0
3405,506,1308222,2635340,5,bank_app,52.28,dev_547200,0,0,0
3406,506,3324360,216019,6,qr_pay,10.74,dev_418945,2,3,0
3407,506,1949134,1302638,5,bank_app,48.72,dev_116192,0,2,0
3408,506,964033,3027494,5,bank_app,13.66,dev_889027,3,2,0
3409,506,3324903,252523,4,wallet,51.52,dev_787453,0,3,0
3410,506,67678,3324976,5,bank_app,20.64,dev_514740,0,2,0
3411,507,3111053,3325599,5,qr_pay,100.4,dev_223636,2,2,0
3412,507,2587494,3326113,9,bank_app,23.19,dev_792687,2,2,0
3413,507,634180,3326643,6,web,31.21,dev_518830,3,0,0
3414,507,567762,2555655,5,qr_pay,42.35,dev_394693,3,2,0
3415,507,1313247,1402238,5,qr_pay,11.17,dev_650076,0,2,0
3416,507,1279167,2421372,6,web,24.89,dev_449946,0,2,0
3417,507,2633383,1404974,6,web,20.91,dev_676870,0,2,0
3418,507,1007837,341997,6,web,16.74,dev_540044,3,0,0
3419,507,3326637,2990605,6,web,17.89,dev_233987,3,0,0
3420,508,3316776,2527870,5,web,66.74,dev_985196,2,2,0
3421,508,2637836,2135453,5,web,14.31,dev_027988,0,2,0
3422,508,59165,380351,5,web,40.84,dev_503644,2,2,0
3423,508,2565762,1466325,4,qr_pay,44.84,dev_058695,3,0,0
3424,508,1503829,900970,6,merchant_api,7.56,dev_064462,0,2,0
3425,508,1402451,2036019,6,merchant_api,42.4,dev_249477,0,2,0
3426,508,2722617,3327780,5,web,6.87,dev_826670,3,3,0
3427,509,1667475,25207,5,merchant_api,43.18,dev_202536,0,0,0
3428,509,3285314,3328684,6,wallet,16.84,dev_455265,2,2,0
3429,509,1370358,3251167,5,merchant_api,24.72,dev_860717,3,2,0
3430,509,3328665,2289976,4,web,10.54,dev_435898,2,2,0
3431,509,3327854,2005382,5,merchant_api,27.39,dev_181230,2,2,0
3432,509,936902,1574101,4,web,77.81,dev_618833,0,0,0
3433,509,3329035,120235,4,web,16.34,dev_577424,0,3,0
3434,509,3326898,3298982,10,merchant_api,14.2,dev_821628,0,2,0
3435,510,3330504,3195701,4,merchant_api,50.86,dev_837930,2,2,0
3436,510,2599527,1583781,5,wallet,37.78,dev_576845,0,3,0
3437,510,3330254,3081544,5,wallet,2.74,dev_742907,2,2,0
3438,510,3297092,2516098,4,merchant_api,207.24,dev_364433,2,0,0
3439,510,108077,373434,5,wallet,39.48,dev_742207,3,0,0
3440,510,552707,657255,4,merchant_api,63.26,dev_640228,0,3,0
3441,510,2251403,2022529,5,wallet,21.56,dev_164225,0,2,0
3442,511,814326,673921,5,bank_app,4.62,dev_072410,0,0,0
3443,511,210850,2122534,5,bank_app,45.03,dev_764559,3,2,0
3444,511,386194,3224766,1,qr_pay,15.98,dev_394330,2,2,0
3445,511,1130283,1995828,3,merchant_api,50.88,dev_667774,3,2,0
3446,511,2056133,2474047,6,qr_pay,21.83,dev_018928,0,2,0
3447,512,3269936,1454978,5,qr_pay,30.39,dev_089001,2,0,0
3448,512,3280444,3331622,5,qr_pay,12.21,dev_096574,3,0,0
3449,512,1070210,1518007,5,qr_pay,53.41,dev_393388,0,2,0
3450,513,1175930,314918,5,web,8.42,dev_338637,0,2,0
3451,513,641525,3017861,6,merchant_api,200.54,dev_925318,3,3,0
3452,513,2158429,2298764,4,qr_pay,253.19,dev_064628,0,0,0
3453,513,3333303,1466522,4,qr_pay,146.85,dev_491432,3,2,0
3454,513,839982,1538692,4,qr_pay,106.48,dev_746875,3,2,0
3455,513,2060660,1051629,5,web,22.74,dev_026749,0,3,0
3456,513,3333470,181623,5,web,70.1,dev_767371,2,3,0
3457,513,3333569,2307251,1,merchant_api,24.37,dev_148246,2,0,0
3458,513,3333970,64100,4,qr_pay,8.35,dev_678595,2,0,0
3459,513,382434,72136,6,merchant_api,102.81,dev_412086,3,0,0
3460,514,2165401,1758901,5,merchant_api,67.76,dev_900215,0,2,0
3461,514,826906,1666407,5,merchant_api,23.85,dev_473406,0,0,0
3462,514,1213753,854644,10,merchant_api,8.14,dev_215880,2,3,0
3463,514,3334238,604238,5,merchant_api,14.47,dev_032293,0,2,0
3464,514,2938160,470907,5,merchant_api,4.76,dev_540610,2,3,0
3465,514,3334824,2615437,4,web,79.09,dev_471377,2,2,0
3466,515,2369744,3335834,5,wallet,5.8,dev_091742,3,2,0
3467,515,1848460,3335174,3,web,40.37,dev_845476,0,2,0
3468,515,2216039,2074601,6,bank_app,12.44,dev_813954,3,0,0
3469,515,174047,2177892,5,wallet,6.79,dev_828225,0,2,0
3470,515,278533,1635140,6,bank_app,32.93,dev_197871,3,2,0
3471,516,1022248,1854690,5,bank_app,18.17,dev_263143,3,2,0
3472,516,3336959,2402410,5,bank_app,52.16,dev_632019,2,2,0
3473,516,956403,2621412,4,wallet,10.8,dev_605607,3,3,0
3474,516,234568,3255474,6,qr_pay,13.44,dev_633414,0,2,0
3475,517,2347706,2114871,5,qr_pay,2.86,dev_725340,2,0,0
3476,517,3336611,1498909,10,qr_pay,3.44,dev_820023,2,3,0
3477,517,2580590,1749503,1,web,134.07,dev_197364,0,0,0
3478,517,3032588,3338109,1,web,173.34,dev_439351,0,2,0
3479,517,2217820,817496,6,web,28.89,dev_122619,2,2,0
3480,517,1433668,2515259,4,bank_app,16.1,dev_066281,0,2,0
3481,517,3337361,1318872,5,qr_pay,18.75,dev_375587,2,0,0
3482,518,2730407,516221,5,web,53.85,dev_831690,3,0,0
3483,518,3338556,1299199,5,web,15.44,dev_168972,2,3,0
3484,518,3339068,440325,4,qr_pay,41.84,dev_854771,2,2,0
3485,518,741247,3338536,1,merchant_api,26.27,dev_681418,0,3,0
3486,518,3334095,28095,5,web,14.7,dev_317497,2,0,0
3487,519,1647069,3096480,1,wallet,16.55,dev_978140,0,2,0
3488,519,3340612,2341367,1,wallet,34.6,dev_706812,2,2,0
3489,519,2276338,1516498,5,merchant_api,10.18,dev_078687,0,2,0
3490,519,2230013,820236,5,merchant_api,36.84,dev_918344,0,3,0
3491,520,1580812,2041975,5,wallet,16.05,dev_543591,0,2,0
3492,520,2094748,342204,4,merchant_api,37.89,dev_389610,0,3,0
3493,520,2637188,502027,6,bank_app,92.35,dev_977890,3,3,0
3494,520,1287438,1099240,10,wallet,21.09,dev_928048,2,0,0
3495,520,3125425,3341533,5,wallet,56.14,dev_485698,2,2,0
3496,520,3340584,2032056,6,bank_app,5.3,dev_408762,2,0,0
3497,520,3341557,3047937,6,bank_app,17.4,dev_606599,2,0,0
3498,521,2696824,2899909,2,web,29.52,dev_439034,2,3,0
3499,521,1666269,1065483,5,bank_app,138.52,dev_422501,3,0,0
3500,521,2616225,1947535,7,web,4.93,dev_278875,2,2,0
3501,522,375272,2380085,5,qr_pay,22.5,dev_936767,3,2,0
3502,522,3220606,3342744,5,qr_pay,91.01,dev_212660,2,0,0
3503,522,1939571,3276118,5,qr_pay,12.1,dev_231152,2,2,0
3504,522,551288,468265,4,bank_app,27.89,dev_219799,3,3,0
3505,522,440534,3312494,6,web,35.82,dev_116874,0,2,0
3506,522,1323656,1595105,5,qr_pay,28.96,dev_125263,3,0,0
3507,522,261303,854315,5,qr_pay,100.4,dev_053232,0,2,0
3508,523,509031,1374299,10,web,36.73,dev_046726,2,2,0
3509,523,3344964,1090613,5,web,81.04,dev_688512,2,3,0
3510,523,2118770,3100048,6,merchant_api,19.22,dev_148748,3,3,0
3511,523,3339128,3320859,5,web,12.6,dev_920561,2,2,0
3512,523,877524,3344579,5,web,20.02,dev_398294,0,2,0
3513,523,3326190,3344667,4,qr_pay,11.9,dev_424692,0,2,0
3514,523,3344628,722757,2,wallet,44.49,dev_623228,2,3,0
3515,523,1598842,1134793,5,web,17.33,dev_119707,0,3,0
3516,524,3302140,37434,4,web,18.46,dev_547006,2,0,0
3517,524,1430662,960548,4,web,52.92,dev_836491,3,0,0
3518,524,1315910,1987603,5,merchant_api,8.76,dev_826561,0,0,0
3519,524,3345305,715505,4,web,67.59,dev_550510,2,3,0
3520,524,1291218,793066,6,wallet,17.28,dev_856293,3,3,0
3521,525,3346434,194290,6,bank_app,75.43,dev_104033,2,0,0
3522,525,3347143,2789476,5,wallet,17.23,dev_503908,2,0,0
3523,525,1538744,1110411,4,merchant_api,59.66,dev_514734,3,0,0
3524,525,1855185,1506113,6,bank_app,31.24,dev_989310,2,3,0
3525,525,865091,1313008,5,wallet,47.92,dev_541756,0,0,0
3526,525,3346880,1425068,4,merchant_api,37.3,dev_426164,0,2,0
3527,525,2521243,3080025,5,wallet,5.49,dev_823818,2,2,0
3528,526,3170629,3348691,4,wallet,83.76,dev_747769,2,2,0
3529,526,98766,2022928,3,merchant_api,28.82,dev_217073,0,0,0
3530,526,3212607,604134,5,bank_app,49.93,dev_810029,2,3,0
3531,526,847672,3326875,5,bank_app,45.66,dev_880099,2,2,0
3532,526,1115455,1742338,4,wallet,16.84,dev_987523,2,2,0
3533,527,737885,2907225,5,qr_pay,10.77,dev_899403,0,2,0
3534,527,2867514,2560020,5,qr_pay,44.25,dev_482714,2,2,0
3535,528,635441,1902759,4,qr_pay,25.72,dev_770261,0,2,0
3536,528,3349920,465754,4,qr_pay,78.48,dev_780266,2,0,0
3537,528,565061,3063944,6,merchant_api,22.64,dev_943605,0,0,0
3538,528,3350273,1634954,4,qr_pay,84.87,dev_118074,0,2,0
3539,528,3350010,1983530,3,bank_app,45.65,dev_684116,3,2,0
3540,529,2701103,3350941,5,merchant_api,31.79,dev_928166,0,2,0
3541,529,2204459,3351427,1,wallet,18.98,dev_869083,0,2,0
3542,529,3351417,1223356,5,merchant_api,30.24,dev_873276,2,2,0
3543,529,2687187,2822876,5,merchant_api,71.78,dev_697622,0,0,0
3544,529,3350933,2982773,5,merchant_api,23.36,dev_185499,2,0,0
3545,530,1048755,3127589,1,bank_app,42.87,dev_553793,3,2,0
3546,530,3245288,2953220,5,wallet,25.58,dev_304612,0,2,0
3547,530,3351863,1154566,6,bank_app,29.73,dev_972722,2,0,0
3548,531,1546498,1390446,10,bank_app,115.71,dev_255480,3,2,0
3549,531,3352656,2890247,10,bank_app,72.35,dev_373705,2,3,0
3550,531,2634967,3011604,5,bank_app,26.35,dev_546353,0,0,0
3551,531,3353149,881435,5,bank_app,29.76,dev_229144,2,2,0
3552,531,2539711,3134929,6,qr_pay,14.13,dev_538567,0,2,0
3553,531,288534,1510295,4,wallet,28.91,dev_859115,0,3,0
3554,531,3353542,536357,1,qr_pay,35.11,dev_694449,2,3,0
3555,532,3194188,3354153,5,qr_pay,52.75,dev_328305,2,2,0
3556,532,3351321,33815,5,qr_pay,48.15,dev_633050,2,0,0
3557,532,1082835,2725403,4,bank_app,12.45,dev_699976,0,2,0
3558,533,3354823,1533957,5,web,59.1,dev_671756,2,2,0
3559,533,1523519,54395,10,web,22.65,dev_318647,0,3,0
3560,534,3030429,448828,5,merchant_api,10.09,dev_921431,2,0,0
3561,534,1175576,2742609,4,web,112.48,dev_337449,2,0,0
3562,534,973199,2745908,5,merchant_api,91.56,dev_438005,0,0,0
3563,534,1443785,514057,1,wallet,33.7,dev_203197,0,3,0
3564,535,977554,3325798,4,merchant_api,63.94,dev_002233,0,2,0
3565,535,3357287,1724603,5,wallet,48.95,dev_388355,2,3,0
3566,535,3356808,1311421,3,web,109.53,dev_908909,3,0,0
3567,535,2124837,3356768,7,qr_pay,55.44,dev_304731,2,2,0
3568,535,1466323,800005,5,wallet,7.43,dev_270366,2,0,0
3569,535,510195,206437,6,bank_app,162.2,dev_188384,0,2,0
3570,535,3357027,1456215,1,bank_app,69.34,dev_423570,2,0,0
3571,535,2031835,3154521,4,merchant_api,21.36,dev_938892,2,2,0
3572,535,3022812,2183049,6,bank_app,10.52,dev_833994,2,0,0
3573,536,1194733,404488,4,wallet,53.21,dev_777026,0,3,0
3574,536,3358054,1653236,4,wallet,26.3,dev_861574,3,3,0
3575,536,3357764,3148501,5,bank_app,33.02,dev_024616,3,2,0
3576,536,838535,2342489,5,bank_app,47.9,dev_579208,0,2,0
3577,536,629367,2754892,5,bank_app,14.73,dev_456171,0,2,0
3578,537,3357989,869484,10,qr_pay,8.98,dev_248460,2,3,0
3579,537,3358956,3309828,4,bank_app,47.81,dev_944719,2,2,0
3580,537,1810252,1020105,5,qr_pay,15.18,dev_600892,0,0,0
3581,537,2816698,2700788,4,bank_app,38.53,dev_783356,2,0,0
3582,537,2740695,2803042,5,qr_pay,7.32,dev_231023,0,0,0
3583,537,2299026,2672911,5,qr_pay,19.55,dev_079565,3,2,0
3584,537,1253832,3358553,4,bank_app,64.29,dev_534909,0,2,0
3585,537,2743520,1544448,5,qr_pay,42.32,dev_992081,0,3,0
3586,538,1207874,1671012,6,merchant_api,13.07,dev_609097,3,3,0
3587,538,2914093,1092226,6,merchant_api,9.29,dev_098790,2,0,0
3588,538,162773,3359900,1,merchant_api,26.96,dev_468767,0,2,0
3589,538,291288,2726703,1,merchant_api,44.03,dev_006578,3,2,0
3590,538,211849,498964,4,qr_pay,48.65,dev_770486,3,0,0
3591,538,2127767,880922,9,qr_pay,21.31,dev_536144,2,3,0
3592,538,3184216,1163297,4,qr_pay,44.17,dev_245605,0,3,0
3593,538,633388,1005259,1,merchant_api,102.73,dev_131702,0,3,0
3594,538,1512948,3359902,5,web,29.51,dev_217722,3,2,0
3595,539,1606030,3360872,4,web,7.77,dev_339349,3,2,0
3596,539,2524606,2623505,5,merchant_api,29.46,dev_951654,3,2,0
3597,539,3361335,2827839,5,merchant_api,154.4,dev_247301,0,0,0
3598,540,1353308,1576356,7,qr_pay,9.04,dev_140542,3,3,0
3599,540,1039237,635909,6,bank_app,27.3,dev_315366,0,2,0
3600,540,1066317,1857056,1,bank_app,21.68,dev_858286,0,0,0
3601,540,3361707,1626136,5,wallet,26.74,dev_674746,2,0,0
3602,540,2824784,2010757,1,bank_app,31.65,dev_931766,0,0,0
3603,540,2163494,1606716,5,wallet,68.44,dev_631953,2,2,0
3604,540,1898069,1815493,4,merchant_api,36.46,dev_814594,3,0,0
3605,540,507034,41761,5,wallet,77.44,dev_662965,0,0,0
3606,541,3359244,447465,5,bank_app,22.07,dev_539160,2,0,0
3607,541,702999,800565,5,bank_app,17.9,dev_671812,0,2,0
3608,541,2956807,845886,6,qr_pay,14.55,dev_783192,3,3,0
3609,541,3363233,155029,4,wallet,6.58,dev_325357,2,0,0
3610,542,3364190,970164,5,qr_pay,31.44,dev_123436,2,0,0
3611,542,650232,3020919,6,web,168.78,dev_763727,0,2,0
3612,542,3363875,435716,5,qr_pay,37.06,dev_200498,2,3,0
3613,542,893691,2053604,8,wallet,57.86,dev_811343,3,2,0
3614,542,293317,1755163,10,qr_pay,16.92,dev_522318,3,2,0
3615,543,2944380,1580409,1,merchant_api,21.33,dev_143075,3,3,0
3616,543,3284140,1810222,5,web,59.51,dev_840210,2,3,0
3617,544,15558,801160,5,merchant_api,149.58,dev_230549,3,0,0
3618,544,2717502,3365332,4,web,128.91,dev_366780,0,2,0
3619,544,3365705,135386,6,wallet,54.86,dev_247841,2,3,0
3620,544,3365622,3023956,5,merchant_api,25.32,dev_040929,2,2,0
3621,544,960494,3201319,6,wallet,32.1,dev_571997,0,0,0
3622,545,3366247,458580,5,wallet,12.45,dev_523855,2,3,0
3623,545,2290298,1745895,5,wallet,6.66,dev_299256,2,2,0
3624,545,427818,173963,5,wallet,8.9,dev_449843,2,0,0
3625,545,1419442,2869140,5,wallet,25.66,dev_131736,3,2,0
3626,546,842077,798843,5,bank_app,18.86,dev_860269,3,3,0
3627,546,1490823,1648216,4,wallet,9.0,dev_135402,0,0,0
3628,546,2909907,593981,4,wallet,32.67,dev_052883,0,3,0
3629,546,3366669,885231,5,bank_app,18.42,dev_072562,3,0,0
3630,547,3245271,2709751,6,web,9.25,dev_683045,2,2,0
3631,547,2708375,1337519,4,bank_app,24.21,dev_577492,2,2,0
3632,547,99944,1263775,5,qr_pay,18.38,dev_015775,0,0,0
3633,547,1055244,2638755,5,qr_pay,14.08,dev_636380,2,2,0
3634,547,1884459,1199370,4,bank_app,77.79,dev_081930,3,3,0
3635,547,50332,171693,5,qr_pay,4.43,dev_539143,3,3,0
3636,547,2889282,483005,5,qr_pay,4.11,dev_000817,2,2,0
3637,548,2905349,1838008,10,web,24.61,dev_764179,2,0,0
3638,548,1881777,149917,4,qr_pay,36.84,dev_139411,2,1,1
3639,548,3368260,3369993,3,bank_app,44.87,dev_746183,2,2,0
3640,549,662635,2981748,4,web,20.8,dev_321846,0,2,0
3641,549,3370597,377774,5,merchant_api,10.74,dev_748187,2,3,0
3642,549,3255978,1506520,4,web,33.56,dev_770973,2,2,0
3643,549,3370858,1338631,5,merchant_api,16.49,dev_789570,2,0,0
3644,549,2158951,3274676,6,wallet,107.34,dev_211626,2,2,0
3645,550,351970,2056850,5,wallet,18.32,dev_723465,0,2,0
3646,550,894607,1883979,5,wallet,23.39,dev_311073,0,0,0
3647,550,1705783,550769,4,merchant_api,313.52,dev_435239,3,0,0
3648,550,2597132,695956,6,bank_app,22.3,dev_253642,0,3,0
3649,551,3372045,2113812,5,bank_app,40.47,dev_949474,2,2,0
3650,551,2187534,2404443,5,bank_app,43.89,dev_373380,0,2,0
3651,551,1735116,367403,6,qr_pay,51.33,dev_705052,2,3,0
3652,551,3108625,417053,6,qr_pay,34.49,dev_211898,3,0,0
3653,552,3373077,2425844,8,wallet,37.13,dev_930485,2,2,0
3654,552,3373628,2234275,4,bank_app,36.98,dev_549895,2,2,0
3655,552,1762231,2964824,5,qr_pay,14.61,dev_821750,2,2,0
3656,553,2338620,417924,5,web,32.88,dev_873909,2,0,0
3657,553,3091177,1780157,4,qr_pay,209.72,dev_445617,0,3,0
3658,553,3000096,3375770,10,web,72.94,dev_235693,2,2,0
3659,553,672916,1469150,5,web,32.25,dev_008891,0,2,0
3660,553,1575277,2795020,4,qr_pay,72.98,dev_970161,0,2,0
3661,554,3376029,1367117,5,merchant_api,11.22,dev_672996,2,3,0
3662,554,601801,3376268,4,web,26.72,dev_942004,0,2,0
3663,554,722707,2538904,1,wallet,62.37,dev_791411,0,2,0
3664,554,810847,1884546,6,wallet,101.34,dev_625845,0,0,0
3665,554,2867099,2175787,5,merchant_api,12.26,dev_197301,2,0,0
3666,554,2476672,361165,5,merchant_api,15.88,dev_475612,0,3,0
3667,554,484080,2012651,1,wallet,189.28,dev_033614,0,2,0
3668,554,3376707,2855356,6,wallet,28.98,dev_655152,2,0,0
3669,554,1496103,3375922,6,wallet,137.14,dev_231192,0,2,0
3670,555,3065053,769417,3,web,37.57,dev_022565,2,3,0
3671,555,3345151,689297,5,wallet,30.62,dev_153479,2,0,0
3672,555,3377470,1997472,5,wallet,18.64,dev_271837,2,0,0
3673,555,3377148,2147322,4,merchant_api,78.91,dev_530928,2,2,0
3674,556,2698706,727806,5,bank_app,83.26,dev_109330,0,0,0
3675,556,2222234,3378371,4,wallet,13.31,dev_324304,0,2,0
3676,556,3378702,2235546,8,merchant_api,22.71,dev_182271,2,2,0
3677,556,1860022,3016398,5,bank_app,55.9,dev_833086,3,2,0
3678,557,3377610,1020437,5,qr_pay,21.83,dev_724857,2,0,0
3679,557,2852964,3041908,1,web,17.05,dev_581418,3,2,0
3680,557,3185748,3379643,1,web,65.93,dev_389307,0,2,0
3681,557,2924209,1222300,8,wallet,84.19,dev_822487,2,3,0
3682,557,646450,1539234,4,bank_app,22.54,dev_997156,3,2,0
3683,557,3378055,3692485,6,web,32.17,dev_642327,0,0,0
3684,557,3379447,3259341,1,web,8.96,dev_218597,2,2,0
3685,558,1375334,3380664,6,merchant_api,11.87,dev_126266,3,0,0
3686,558,3380234,162151,5,web,27.43,dev_921340,2,3,0
3687,558,1232220,1819071,4,qr_pay,34.75,dev_372588,0,0,0
3688,559,3382234,2856873,5,merchant_api,10.28,dev_769310,2,3,0
3689,559,2982086,1235640,5,merchant_api,12.88,dev_942999,2,3,0
3690,559,871794,3382073,11,wallet,10.19,dev_848503,2,2,0
3691,560,2663333,2464860,4,merchant_api,50.88,dev_431305,3,2,0
3692,560,3271518,180193,5,wallet,4.18,dev_361056,0,2,0
3693,560,1547392,3382944,5,wallet,9.87,dev_798218,0,2,0
3694,560,3382464,2963778,5,wallet,4.59,dev_076092,2,2,0
3695,561,2958741,3384077,5,bank_app,35.77,dev_309013,0,2,0
3696,561,514974,2888496,5,bank_app,4.84,dev_915787,0,2,0
3697,561,2136038,242233,5,bank_app,25.24,dev_368299,0,3,0
3698,561,1254729,2612583,5,bank_app,107.29,dev_980722,3,2,0
3699,561,870503,3098667,5,bank_app,110.62,dev_233767,3,2,0
3700,561,3383657,2148377,4,wallet,6.65,dev_408012,2,2,0
3701,561,461322,952492,5,bank_app,32.09,dev_877009,0,0,0
3702,561,2235622,1354452,8,merchant_api,12.81,dev_885837,0,2,0
3703,561,3383651,780075,1,qr_pay,9.08,dev_416704,2,2,0
3704,562,1762701,1609032,8,wallet,28.16,dev_483674,3,0,0
3705,562,3189362,1529870,5,qr_pay,74.1,dev_476625,0,3,0
3706,562,3383391,1387563,4,bank_app,57.96,dev_205428,2,2,0
3707,562,3385112,2845493,1,web,13.96,dev_089427,2,0,0
3708,562,213642,203024,4,bank_app,63.72,dev_311011,0,3,0
3709,562,1325839,359922,8,wallet,4.14,dev_441591,0,0,0
3710,562,125034,2956209,4,bank_app,17.16,dev_331716,0,3,0
3711,562,3385125,3326529,1,web,12.66,dev_651376,2,2,0
3712,563,2838048,2838437,5,web,26.32,dev_958548,0,3,0
3713,563,775081,1116680,6,merchant_api,22.14,dev_845491,0,0,0
3714,563,1795235,1634320,4,qr_pay,29.75,dev_764799,2,3,0
3715,563,277635,950644,4,qr_pay,28.87,dev_243514,0,3,0
3716,563,1111299,242622,6,merchant_api,27.12,dev_533897,3,0,0
3717,563,3383269,68447,5,web,39.89,dev_157087,0,0,0
3718,563,2076756,1202227,4,qr_pay,38.64,dev_259635,3,2,0
3719,564,1389219,562492,6,wallet,20.58,dev_790079,3,0,0
3720,564,3148459,3387061,5,merchant_api,35.22,dev_727964,2,2,0
3721,565,611204,1488075,8,web,65.6,dev_216928,0,3,0
3722,565,1969542,2657866,5,wallet,14.87,dev_200490,0,3,0
3723,565,3388033,2829334,5,wallet,23.26,dev_023518,2,2,0
3724,565,3384734,61587,5,wallet,69.81,dev_713097,2,0,0
3725,565,1359937,2762232,5,wallet,9.09,dev_131589,0,2,0
3726,565,3388923,1307391,6,bank_app,134.86,dev_052028,0,2,0
3727,565,3388701,1727809,7,qr_pay,8.63,dev_680375,2,2,0
3728,565,847408,1996316,2,qr_pay,21.1,dev_907106,3,2,0
3729,566,627520,1357031,6,qr_pay,11.3,dev_037458,0,3,0
3730,566,2950433,1216440,5,bank_app,175.76,dev_082919,0,2,0
3731,566,3039867,3221126,5,bank_app,15.6,dev_302800,0,2,0
3732,566,1692336,3389413,1,qr_pay,16.93,dev_590548,3,3,0
3733,566,1146095,81537,8,merchant_api,22.34,dev_832009,0,0,0
3734,566,301696,2267482,5,bank_app,26.74,dev_304764,0,2,0
3735,566,2179025,3389290,5,bank_app,18.25,dev_191213,0,2,0
3736,566,2674012,2027758,5,bank_app,21.77,dev_997339,0,2,0
3737,566,913791,3389395,1,qr_pay,1.11,dev_441603,3,2,0
3738,567,1156586,325872,4,bank_app,35.57,dev_636796,2,2,0
3739,567,1281348,1151397,5,qr_pay,24.93,dev_987801,0,0,0
3740,567,1562765,1709075,4,bank_app,86.03,dev_579971,0,3,0
3741,567,1597421,1004099,5,qr_pay,79.69,dev_755039,0,0,0
3742,567,2146878,3127639,4,bank_app,28.53,dev_884270,3,3,0
3743,567,3390875,403674,4,bank_app,70.43,dev_753950,2,0,0
3744,568,701921,890776,5,web,9.1,dev_009633,3,3,0
3745,568,1115638,2246974,5,web,48.94,dev_969685,0,2,0
3746,568,1453018,1111523,5,web,14.65,dev_328581,0,0,0
3747,568,1806880,569771,5,web,8.45,dev_622878,0,0,0
3748,568,1984172,651797,7,wallet,24.36,dev_547277,0,3,0
3749,568,576690,714876,6,merchant_api,93.73,dev_787013,0,3,0
3750,568,574885,428338,5,web,28.87,dev_448438,0,0,0
3751,569,1862570,3392549,1,wallet,102.19,dev_441754,0,2,0
3752,569,2841778,1592464,6,wallet,13.55,dev_022769,2,0,0
3753,569,3392365,371096,5,merchant_api,63.0,dev_707498,2,2,0
3754,569,2843534,1557702,6,wallet,14.78,dev_376629,0,3,0
3755,569,3392001,2204464,5,merchant_api,30.05,dev_484432,2,2,0
3756,569,289921,233109,5,merchant_api,29.82,dev_095822,0,2,0
3757,569,1120266,591182,5,merchant_api,44.49,dev_529725,3,0,0
3758,570,329329,3393556,4,merchant_api,42.34,dev_076260,0,2,0
3759,570,2059079,2364146,4,merchant_api,17.37,dev_838008,0,2,0
3760,570,3392993,189293,5,wallet,54.18,dev_537082,2,3,0
3761,570,2989901,34997,5,wallet,116.57,dev_633582,2,2,0
3762,571,1716600,3154207,1,qr_pay,15.71,dev_025268,3,2,0
3763,571,2796114,1921066,5,bank_app,4.7,dev_938055,3,2,0
3764,571,2128507,3394453,6,qr_pay,41.65,dev_132180,2,2,0
3765,571,2798333,1927827,8,merchant_api,23.15,dev_180464,0,2,0
3766,572,725311,304266,5,qr_pay,21.8,dev_346138,0,0,0
3767,572,3395422,2775540,8,wallet,51.45,dev_192907,2,2,0
3768,573,1443838,3396064,10,web,16.27,dev_476047,3,2,0
3769,574,1649953,862493,4,web,26.52,dev_619211,0,0,0
3770,574,3396374,1557232,5,merchant_api,22.42,dev_618526,2,3,0
3771,574,1449028,2965612,4,web,126.82,dev_709758,0,2,0
3772,574,1492522,2122537,5,merchant_api,25.21,dev_096331,3,2,0
3773,574,2123816,3077215,5,merchant_api,8.07,dev_385467,2,2,0
3774,575,468135,2376393,4,merchant_api,11.52,dev_693160,2,2,0
3775,575,799617,2443009,6,bank_app,30.12,dev_618023,0,2,0
3776,575,3397707,3063127,6,bank_app,9.62,dev_874072,2,2,0
3777,576,1050982,1475615,8,merchant_api,7.64,dev_110853,0,2,0
3778,576,2727617,1446997,4,wallet,59.86,dev_977441,0,3,0
3779,576,2667540,3141528,4,wallet,62.56,dev_248267,2,3,0
3780,576,732625,445615,1,qr_pay,19.08,dev_747305,0,3,0
3781,576,2019105,3397941,10,bank_app,31.95,dev_308507,2,2,0
3782,576,1625837,1687127,7,web,34.1,dev_292065,2,0,0
3783,576,2561568,2913730,5,bank_app,42.19,dev_280678,2,2,0
3784,577,3398822,3302999,4,bank_app,58.22,dev_828441,2,2,0
3785,577,3397075,534538,4,bank_app,3.24,dev_855725,2,0,0
3786,577,1768138,855789,4,bank_app,27.21,dev_196127,0,0,0
3787,577,936134,646469,5,qr_pay,39.1,dev_234557,0,0,0
3788,577,1941911,3147741,6,web,18.37,dev_561277,0,2,0
3789,577,3399647,1246804,6,web,27.46,dev_773647,2,0,0
3790,577,1795293,1773098,8,wallet,61.29,dev_034655,3,2,0
3791,577,543269,1287780,5,qr_pay,26.39,dev_168370,3,3,0
3792,577,1227178,512777,5,qr_pay,95.31,dev_320048,0,0,0
3793,577,180457,619254,6,web,73.28,dev_024887,0,3,0
3794,578,2554201,1742847,6,merchant_api,23.89,dev_326721,3,3,0
3795,578,3394001,12930,5,web,20.53,dev_172845,2,3,0
3796,578,3399921,1762288,4,qr_pay,2.6,dev_721939,2,0,0
3797,578,437965,354608,5,web,18.29,dev_350577,0,2,0
3798,578,1922607,618593,4,qr_pay,9.99,dev_822380,0,2,0
3799,579,3401055,1182633,5,merchant_api,29.94,dev_876632,0,0,0
3800,579,3217484,1307366,5,merchant_api,28.15,dev_021909,2,3,0
3801,579,2751707,1467191,4,web,63.2,dev_875119,2,2,0
3802,579,2802051,3401133,4,web,118.75,dev_551644,0,2,0
3803,579,3401242,170221,2,bank_app,28.12,dev_867882,2,3,0
3804,579,1882527,2103411,6,wallet,206.93,dev_385766,0,2,0
3805,579,3102243,1045050,3,qr_pay,38.44,dev_679273,0,2,0
3806,579,928341,2618359,4,web,10.39,dev_488641,0,2,0
3807,580,1253131,2970916,6,bank_app,16.02,dev_916349,2,3,0
3808,580,2014581,1940110,4,merchant_api,24.16,dev_614443,0,2,0
3809,580,3402941,156286,1,bank_app,45.28,dev_026695,2,0,0
3810,580,130009,598501,5,wallet,10.46,dev_557570,0,3,0
3811,580,2554091,972451,6,bank_app,20.32,dev_480917,2,2,0
3812,580,2035332,515670,5,wallet,21.22,dev_123417,0,0,0
3813,580,2058524,992884,5,wallet,16.39,dev_005202,0,3,0
3814,580,637498,1610375,5,wallet,50.92,dev_430255,0,3,0
3815,580,1230303,175673,6,bank_app,47.33,dev_388499,0,0,0
3816,580,3400915,930240,5,wallet,70.1,dev_932481,0,3,0
3817,581,3404256,396338,5,bank_app,18.21,dev_978186,0,3,0
3818,581,2960374,3404103,1,qr_pay,78.44,dev_188118,3,2,0
3819,581,3403948,1997135,5,bank_app,7.19,dev_930397,2,0,0
3820,581,2152275,3403538,9,wallet,9.68,dev_396670,0,2,0
3821,581,3403068,2328996,5,bank_app,8.23,dev_739456,0,0,0
3822,581,3055219,3404216,4,wallet,34.07,dev_085326,3,2,0
3823,582,3325615,3167104,5,qr_pay,72.4,dev_899111,2,2,0
3824,582,3404314,1502317,7,merchant_api,16.74,dev_627149,2,3,0
3825,582,1891401,2397856,5,qr_pay,15.97,dev_051438,0,2,0
3826,582,2911903,1381695,1,web,21.88,dev_552754,0,0,0
3827,582,3402015,3314411,4,bank_app,56.57,dev_803398,2,3,0
3828,583,2147711,3406455,4,qr_pay,21.98,dev_563051,0,2,0
3829,583,1505656,214375,6,merchant_api,16.44,dev_566810,0,2,0
3830,583,2238497,1810730,6,merchant_api,7.92,dev_970809,0,3,0
3831,584,3034826,2152886,5,merchant_api,14.66,dev_627758,2,0,0
3832,584,1374660,2471127,8,qr_pay,89.99,dev_218456,2,0,0
3833,584,2582588,2791416,6,wallet,28.84,dev_289703,0,2,0
3834,585,2184258,1247195,6,bank_app,13.66,dev_517041,2,0,0
3835,585,936184,1093543,5,wallet,74.63,dev_469149,0,2,0
3836,585,3408793,870554,5,wallet,14.49,dev_880190,2,3,0
3837,585,3409478,2893818,6,bank_app,95.39,dev_275425,0,2,0
3838,585,1294617,136555,5,wallet,86.77,dev_409619,0,2,0
3839,585,2076137,1376440,4,merchant_api,35.53,dev_225064,2,0,0
3840,585,3409132,1946820,1,bank_app,6.9,dev_385109,2,0,0
3841,586,2487423,1642712,6,qr_pay,208.63,dev_396954,0,3,0
3842,586,1782931,441032,5,bank_app,34.76,dev_637079,3,0,0
3843,586,3233346,478957,8,merchant_api,23.3,dev_024291,0,2,0
3844,586,1565578,264411,5,bank_app,58.0,dev_980419,0,0,0
3845,586,3409945,1990982,5,bank_app,46.16,dev_219591,2,0,0
3846,587,3378870,2633841,3,wallet,101.48,dev_427399,2,0,0
3847,587,2683289,114875,8,wallet,17.18,dev_030985,2,2,0
3848,587,1006285,150377,6,web,35.4,dev_156310,0,3,0
3849,587,1554424,1553085,6,web,9.14,dev_488454,0,2,0
3850,587,1734080,2728708,10,qr_pay,44.69,dev_509181,3,0,0
3851,588,2793196,1521716,8,bank_app,30.55,dev_463106,2,3,0
3852,588,1633134,3067772,1,merchant_api,34.22,dev_552637,3,2,0
3853,589,1061273,239698,1,wallet,23.3,dev_496800,0,0,0
3854,589,1409106,1887809,4,web,26.95,dev_215050,0,0,0
3855,590,2450692,2871351,5,wallet,11.23,dev_630723,0,3,0
3856,590,2342134,901195,5,wallet,49.97,dev_860308,3,2,0
3857,590,1187744,3366144,5,wallet,93.76,dev_317728,3,2,0
3858,590,3415452,2882585,5,wallet,14.86,dev_692936,2,3,0
3859,590,1909234,2964281,3,web,51.33,dev_604085,0,3,0
3860,590,2568788,720570,3,web,46.01,dev_585755,2,2,0
3861,591,3416747,2879878,4,wallet,34.03,dev_498758,2,3,0
3862,591,1106659,1772098,6,qr_pay,6.73,dev_237907,3,3,0
3863,591,3416431,2405884,6,qr_pay,8.24,dev_239208,2,2,0
3864,591,3413910,537495,5,bank_app,12.15,dev_960070,2,0,0
3865,591,704813,814253,4,wallet,4.93,dev_182897,0,0,0
3866,591,3095627,3383184,5,bank_app,87.11,dev_579067,0,2,0
3867,591,3416741,2495732,1,qr_pay,37.0,dev_197034,2,0,0
3868,591,798017,1688901,2,web,28.02,dev_993577,2,2,0
3869,592,798887,2344629,3,wallet,4.34,dev_304111,3,2,0
3870,592,2311550,2405552,5,qr_pay,4.75,dev_148256,0,0,0
3871,592,1942424,3417555,3,wallet,31.12,dev_816007,0,2,0
3872,592,3183065,1022174,4,bank_app,199.03,dev_769030,2,3,0
3873,592,2085851,1127873,5,qr_pay,13.08,dev_367623,0,0,0
3874,592,2940922,3158956,4,bank_app,73.51,dev_707453,0,2,0
3875,593,2062144,582416,4,qr_pay,21.94,dev_004324,0,3,0
3876,593,136009,26886,5,web,25.78,dev_754233,0,0,0
3877,593,3418656,3061481,5,web,73.2,dev_560273,2,0,0
3878,593,2252670,1702400,5,web,17.97,dev_804333,0,2,0
3879,594,1300081,765392,9,web,18.15,dev_130064,3,0,0
3880,594,1777379,2113308,4,web,121.06,dev_847082,0,2,0
3881,594,2883682,139585,5,merchant_api,25.56,dev_906438,3,2,0
3882,594,2784125,2348379,3,qr_pay,83.27,dev_506267,0,2,0
3883,594,1390376,1322182,5,merchant_api,13.24,dev_336514,0,0,0
3884,595,3080879,1913413,5,wallet,87.01,dev_261344,0,2,0
3885,595,530738,2438113,4,merchant_api,43.22,dev_420853,0,0,0
3886,595,526637,2550049,5,wallet,36.28,dev_110756,3,2,0
3887,595,3006693,463796,8,web,35.11,dev_914873,0,0,0
3888,595,1941649,430919,4,merchant_api,21.44,dev_282293,0,3,0
3889,595,3421231,738611,5,wallet,24.5,dev_487504,2,0,0
3890,595,2072494,2967459,6,bank_app,17.84,dev_588989,0,3,0
3891,595,1563497,656616,5,wallet,58.18,dev_437235,0,3,0
3892,595,3265404,3420355,5,wallet,20.43,dev_601672,3,2,0
3893,595,1705849,2543,5,wallet,6.38,dev_322024,2,0,0
3894,595,52858,3420724,6,bank_app,5.86,dev_413158,2,2,0
3895,595,2485687,929710,5,wallet,5.19,dev_710533,0,0,0
3896,596,1221934,1313640,5,bank_app,42.78,dev_387666,3,3,0
3897,596,1527324,3421916,1,qr_pay,9.43,dev_078035,0,2,0
3898,596,2455535,1524050,4,wallet,44.26,dev_228479,0,3,0
3899,596,2504804,1075585,5,bank_app,27.74,dev_168378,0,0,0
3900,596,1481383,2237450,8,merchant_api,29.42,dev_628392,3,2,0
3901,596,1911073,3003542,6,qr_pay,39.43,dev_685685,0,2,0
3902,596,528892,1358357,11,qr_pay,30.65,dev_015328,0,0,0
3903,597,145091,3423097,5,qr_pay,2.14,dev_184916,3,2,0
3904,597,1638894,1245616,6,web,19.86,dev_373923,0,2,0
3905,597,266967,2071948,5,qr_pay,35.97,dev_350586,2,2,0
3906,598,1260341,1256042,5,web,107.37,dev_680559,0,0,0
3907,598,3425262,2212634,4,qr_pay,154.13,dev_038899,2,2,0
3908,598,3424670,2704227,3,bank_app,9.14,dev_782578,3,3,0
3909,598,3423048,257553,9,qr_pay,24.66,dev_049868,2,0,0
3910,598,2989495,2566564,6,merchant_api,6.49,dev_710032,0,0,0
3911,598,2224046,3424002,5,web,96.34,dev_138116,0,2,0
3912,599,1891183,1751211,4,web,84.06,dev_244573,3,0,0
3913,600,1172533,2252715,1,bank_app,36.43,dev_849876,3,2,0
3914,600,3427191,399003,4,merchant_api,39.23,dev_950318,2,0,0
3915,601,745846,2575340,6,qr_pay,92.07,dev_593619,0,3,0
3916,601,2117520,1704329,6,qr_pay,79.06,dev_791600,0,3,0
3917,601,3427910,1608036,6,qr_pay,75.36,dev_461861,2,0,0
3918,601,2576024,1028013,1,qr_pay,40.09,dev_863808,0,2,0
3919,601,432473,1515187,5,bank_app,17.92,dev_950368,0,0,0
3920,601,3427942,3422961,5,bank_app,48.93,dev_671449,0,2,0
3921,601,3428653,414418,5,bank_app,51.13,dev_440665,2,2,0
3922,601,3427182,3107091,6,qr_pay,22.39,dev_033597,2,0,0
3923,601,2382011,1438754,5,bank_app,17.88,dev_306989,0,2,0
3924,601,1691027,1932372,11,qr_pay,73.7,dev_044869,0,2,0
3925,602,3429015,2518999,6,web,118.83,dev_414212,0,0,0
3926,602,993468,2881724,5,qr_pay,12.5,dev_478001,0,3,0
3927,602,3428778,99245,2,merchant_api,22.71,dev_646231,2,0,0
3928,602,412463,3069174,6,web,36.45,dev_546251,0,0,0
3929,602,2528973,446136,5,qr_pay,38.01,dev_451262,0,2,0
3930,602,1430660,326274,6,web,16.61,dev_027850,0,2,0
3931,602,212038,257701,3,wallet,169.89,dev_383222,3,2,0
3932,602,3429467,3427474,3,wallet,45.6,dev_768579,2,2,0
3933,603,712979,1880011,5,web,39.58,dev_453918,0,3,0
3934,603,3227862,3430039,5,web,119.46,dev_078485,2,2,0
3935,603,1909167,3201502,5,web,16.38,dev_068771,0,2,0
3936,603,1102478,434109,5,web,22.66,dev_726188,0,2,0
3937,603,1678680,3429849,6,merchant_api,8.6,dev_981012,0,3,0
3938,604,23149,691315,6,wallet,22.76,dev_742809,2,3,0
3939,604,3040808,3431152,10,merchant_api,6.42,dev_133333,3,2,0
3940,604,2765473,3431014,5,merchant_api,48.09,dev_105046,0,2,0
3941,604,1606944,2128019,8,qr_pay,45.51,dev_489198,3,3,0
3942,605,3431849,1410361,5,wallet,19.12,dev_789246,2,3,0
3943,605,742046,2786158,5,wallet,22.41,dev_186528,0,0,0
3944,605,306949,3431779,3,web,61.89,dev_977404,0,2,0
3945,605,109552,1261264,4,merchant_api,12.16,dev_836837,2,2,0
3946,606,2644106,3197826,5,bank_app,29.48,dev_950496,0,2,0
3947,606,1692383,2024036,6,qr_pay,49.88,dev_166467,0,2,0
3948,606,1382740,1547862,5,bank_app,4.93,dev_874444,3,3,0
3949,606,2014230,1256003,6,qr_pay,49.23,dev_794499,2,0,0
3950,606,1970920,1632384,5,bank_app,5.44,dev_053880,0,0,0
3951,606,342718,3328939,5,bank_app,22.07,dev_979211,0,2,0
3952,606,1555485,1781330,4,wallet,11.86,dev_760677,0,2,0
3953,607,3432353,1679152,6,web,96.36,dev_627616,0,3,0
3954,607,3433817,1237980,6,web,9.38,dev_081763,2,3,0
3955,607,2052142,2284779,5,qr_pay,5.56,dev_521328,0,2,0
3956,607,2525194,3434623,1,web,29.96,dev_318830,2,2,0
3957,608,2330623,250462,5,web,16.91,dev_554663,0,3,0
3958,608,28771,137589,5,web,6.33,dev_066053,0,2,0
3959,608,840157,1680248,6,merchant_api,42.66,dev_574470,0,3,0
3960,608,2087607,2638335,5,web,4.09,dev_020327,0,0,0
3961,608,3420789,2976909,5,web,9.65,dev_636575,0,0,0
3962,609,2414342,528139,5,merchant_api,14.62,dev_169293,2,2,0
3963,610,3437606,3698461,5,wallet,50.5,dev_481622,3,2,0
3964,610,3175311,1464077,5,wallet,78.72,dev_456893,0,0,0
3965,610,672368,1819282,4,merchant_api,91.15,dev_538229,0,0,0
3966,610,334452,3437688,2,qr_pay,25.08,dev_124259,0,2,0
3967,611,2718303,748061,6,qr_pay,2.99,dev_201189,3,2,0
3968,611,3438580,1463420,4,wallet,48.03,dev_090858,2,2,0
3969,611,119220,699055,4,wallet,126.91,dev_329487,0,3,0
3970,611,3439163,3135270,6,qr_pay,80.67,dev_543006,2,0,0
3971,612,208172,3355473,8,wallet,47.31,dev_588191,0,2,0
3972,612,3438814,1889478,10,qr_pay,8.41,dev_002731,2,2,0
3973,612,3440506,714354,3,wallet,19.44,dev_218463,2,2,0
3974,612,770578,3038549,8,wallet,177.76,dev_914278,0,2,0
3975,612,3439380,2159333,5,qr_pay,6.85,dev_055104,2,2,0
3976,612,3431370,1600883,5,qr_pay,8.73,dev_502698,2,0,0
3977,612,1048743,992452,10,qr_pay,57.3,dev_781847,2,2,0
3978,612,3439391,1113079,5,qr_pay,16.64,dev_602527,2,3,0
3979,613,943267,700407,8,bank_app,10.77,dev_396578,0,0,0
3980,613,1088133,3098782,8,bank_app,123.37,dev_357185,0,0,0
3981,613,3436129,1424697,5,web,37.15,dev_146397,2,2,0
3982,613,976206,1366935,6,merchant_api,18.85,dev_771414,0,2,0
3983,614,3407418,1797044,5,merchant_api,8.75,dev_735131,0,0,0
3984,614,461763,677254,6,wallet,167.78,dev_893633,0,3,0
3985,614,1685488,1473751,10,merchant_api,24.0,dev_843491,2,2,0
3986,614,2665737,99244,1,wallet,93.47,dev_903082,2,0,0
3987,614,2859288,2487026,3,qr_pay,69.7,dev_186041,2,0,0
3988,614,2587667,636524,5,merchant_api,15.35,dev_413387,0,3,0
3989,615,302434,1533016,8,web,19.66,dev_361308,0,2,0
3990,615,2294954,1926769,3,web,114.63,dev_139085,0,2,0
3991,615,2015718,2539469,4,merchant_api,126.0,dev_525980,0,2,0
3992,615,221396,792424,5,wallet,4.53,dev_691872,0,2,0
3993,616,3413314,3088503,1,qr_pay,43.59,dev_058140,0,2,0
3994,616,1007765,3424238,6,qr_pay,23.83,dev_964416,2,2,0
3995,616,2903499,1945138,6,qr_pay,10.49,dev_798402,2,2,0
3996,616,13660,1145397,4,wallet,42.76,dev_939949,3,0,0
3997,616,1060924,2270161,4,wallet,10.03,dev_364451,3,2,0
3998,617,1717240,3445548,5,qr_pay,16.12,dev_817646,3,2,0
3999,617,677038,1596431,5,qr_pay,11.96,dev_624719,2,3,0
4000,617,3445360,830348,8,wallet,19.89,dev_696138,2,3,0
4001,617,3048623,3445949,4,bank_app,31.68,dev_280008,0,0,0
4002,617,1664469,3445654,11,web,10.65,dev_205484,0,2,0
4003,617,3102875,3446412,6,web,109.49,dev_277625,2,2,0
4004,617,3445904,42717,5,qr_pay,38.24,dev_413336,2,3,0
4005,618,2221366,3446654,5,web,123.36,dev_106489,0,2,0
4006,618,3447207,1212052,6,merchant_api,23.01,dev_470438,2,2,0
4007,619,3027814,263959,6,wallet,16.22,dev_177659,0,3,0
4008,619,2861814,2487195,6,wallet,129.36,dev_315080,0,2,0
4009,620,2462227,3389218,4,merchant_api,20.08,dev_244008,0,2,0
4010,620,819629,3449893,3,web,26.56,dev_628199,0,2,0
4011,621,1192901,111321,3,merchant_api,59.62,dev_228339,0,2,0
4012,621,3443977,2583422,4,wallet,11.09,dev_938758,2,2,0
4013,621,2165100,952021,4,wallet,64.08,dev_069153,0,0,0
4014,621,2699678,3101997,6,qr_pay,44.93,dev_803745,2,2,0
4015,621,3421841,1024315,6,qr_pay,83.3,dev_184917,2,0,0
4016,621,2150022,468420,5,bank_app,54.65,dev_437351,0,3,0
4017,621,3450563,2632115,4,wallet,108.85,dev_580750,2,2,0
4018,621,2260869,1634140,5,bank_app,22.21,dev_623101,0,2,0
4019,621,3073504,3061543,11,qr_pay,12.23,dev_414336,2,3,0
4020,622,2230298,2163421,5,qr_pay,163.86,dev_084273,0,0,0
4021,622,698647,1252691,6,web,6.73,dev_455778,0,3,0
4022,622,2467784,3452058,4,bank_app,9.36,dev_796582,3,3,0
4023,622,470376,506782,5,qr_pay,40.8,dev_517496,0,0,0
4024,622,740752,588579,4,bank_app,145.84,dev_473795,0,3,0
4025,622,1125638,3451466,10,qr_pay,29.1,dev_544841,0,2,0
4026,622,1705841,2785849,5,qr_pay,60.3,dev_913726,2,2,0
4027,622,1085980,2704295,5,qr_pay,4.07,dev_534978,0,0,0
4028,622,3451889,2751547,4,bank_app,21.55,dev_190884,2,0,0
4029,622,668706,2160525,2,merchant_api,5.33,dev_603365,3,0,0
4030,622,3102689,1950993,6,web,53.64,dev_330613,0,2,0
4031,622,2866933,1197034,4,bank_app,8.39,dev_184535,2,2,0
4032,623,3447800,698,5,web,7.77,dev_034228,2,0,0
4033,623,147158,1145882,1,merchant_api,42.21,dev_874425,3,3,0
4034,624,1124478,1147081,4,web,87.85,dev_743978,0,3,0
4035,624,601239,2206169,4,web,29.28,dev_241414,0,2,0
4036,625,725872,2132674,6,bank_app,44.4,dev_713881,0,2,0
4037,625,3455159,3138806,8,web,50.6,dev_991910,2,2,0
4038,625,1596544,881200,5,wallet,20.21,dev_534388,3,2,0
4039,625,1390387,936958,4,merchant_api,12.61,dev_008446,2,0,0
4040,625,1650319,1817667,6,bank_app,44.19,dev_582662,2,3,0
4041,626,370145,774831,5,bank_app,42.6,dev_781770,3,0,0
4042,626,1310337,3456260,6,qr_pay,59.42,dev_474239,3,2,0
4043,626,650684,2399226,5,bank_app,32.49,dev_741862,0,2,0
4044,626,220591,3137038,5,bank_app,8.57,dev_135779,0,3,0
4045,627,2614363,1666626,5,qr_pay,45.66,dev_075560,2,2,0
4046,627,3457017,66914,4,bank_app,33.74,dev_902746,2,2,0
4047,627,1127115,3456623,6,web,17.21,dev_985200,3,2,0
4048,627,654806,2735029,5,qr_pay,18.82,dev_593150,0,2,0
4049,628,2778418,2080282,5,web,13.18,dev_483260,0,2,0
4050,628,3457898,1738308,5,web,54.6,dev_428528,2,2,0
4051,628,2326166,956266,4,qr_pay,9.43,dev_111290,0,0,0
4052,628,3457151,1968283,5,web,10.03,dev_494744,0,2,0
4053,628,488569,2128117,4,qr_pay,25.13,dev_346770,0,2,0
4054,629,1306052,601259,6,wallet,113.57,dev_016616,0,2,0
4055,629,468442,1054472,3,qr_pay,80.55,dev_836904,0,2,0
4056,629,96579,3459988,5,merchant_api,5.6,dev_741009,0,2,0
4057,629,3458937,1027769,2,bank_app,97.15,dev_809843,2,0,0
4058,629,105316,3031724,5,merchant_api,82.64,dev_611638,3,2,0
4059,629,3152140,3410402,4,web,11.74,dev_844579,3,2,0
4060,630,360585,1825041,6,bank_app,2.75,dev_358908,0,2,0
4061,630,3459964,1863720,4,merchant_api,31.66,dev_042818,2,3,0
4062,630,2683023,3461068,4,merchant_api,92.78,dev_044702,0,2,0
4063,630,3019635,3432937,3,web,130.6,dev_838138,0,2,0
4064,630,3459225,1712780,10,wallet,11.2,dev_902115,2,3,0
4065,630,2283407,3341525,4,merchant_api,163.49,dev_192684,3,2,0
4066,630,2585686,1775073,5,wallet,3.3,dev_125681,0,0,0
4067,630,2817488,3461148,10,wallet,17.62,dev_827882,0,2,0
4068,631,495484,1517085,8,merchant_api,21.42,dev_308962,3,3,0
4069,631,3285746,1222389,6,qr_pay,74.97,dev_688533,2,3,0
4070,631,292510,1833724,5,bank_app,78.92,dev_826703,2,3,0
4071,631,2465499,511096,5,bank_app,57.9,dev_349019,0,0,0
4072,632,1603871,2017288,6,web,7.88,dev_468400,2,2,0
4073,632,2545001,2574243,5,qr_pay,53.32,dev_961413,0,2,0
4074,632,3453675,261481,6,web,42.02,dev_699105,2,0,0
4075,632,39385,1940578,6,web,5.91,dev_149169,0,2,0
4076,632,3462324,1892581,2,merchant_api,4.48,dev_829312,2,2,0
4077,632,3463385,892039,6,web,67.64,dev_829320,2,0,0
4078,632,3463147,961678,6,web,22.6,dev_282897,2,0,0
4079,633,3464235,2980745,6,merchant_api,8.36,dev_456811,2,0,0
4080,633,3462652,674083,10,web,20.34,dev_916433,2,2,0
4081,633,261751,619681,5,web,34.04,dev_307998,3,2,0
4082,634,1701575,116126,5,merchant_api,22.77,dev_940772,0,0,0
4083,634,1634550,365942,8,qr_pay,7.72,dev_518728,0,2,0
4084,634,2329939,1523057,5,merchant_api,133.89,dev_533946,2,0,0
4085,634,3464533,2767593,1,wallet,65.61,dev_666929,2,3,0
4086,634,2374291,2140582,5,merchant_api,18.14,dev_595047,0,2,0
4087,635,1660098,588379,5,wallet,18.81,dev_818307,0,3,0
4088,635,3465350,65722,10,wallet,33.9,dev_534628,2,0,0
4089,635,1614167,111733,5,wallet,8.88,dev_347398,0,3,0
4090,636,184947,3293446,6,qr_pay,35.53,dev_897941,0,0,0
4091,636,3466781,1083913,4,wallet,10.2,dev_288458,0,3,0
4092,636,3467008,2358562,8,merchant_api,29.27,dev_552518,2,3,0
4093,636,3466918,760311,6,qr_pay,9.28,dev_627133,2,3,0
4094,636,3466855,2477226,8,merchant_api,11.4,dev_486156,2,2,0
4095,636,3466920,3451114,5,bank_app,107.89,dev_846205,2,2,0
4096,637,1457643,3467911,9,bank_app,35.63,dev_071731,2,2,0
4097,637,2628924,2424875,4,bank_app,40.72,dev_372864,0,2,0
4098,637,74187,2602457,5,qr_pay,4.01,dev_086827,3,0,0
4099,637,1780452,510756,5,qr_pay,14.33,dev_312480,2,0,0
4100,637,2179678,3468090,6,web,40.25,dev_888356,2,2,0
4101,638,3390406,637821,11,merchant_api,31.65,dev_343115,2,3,0
4102,638,3468991,1411866,6,merchant_api,3.82,dev_955284,2,0,0
4103,638,3468408,100948,6,merchant_api,32.02,dev_388780,2,3,0
4104,639,2278451,210497,5,merchant_api,34.12,dev_218497,0,3,0
4105,640,2547460,1646469,6,bank_app,84.38,dev_056076,0,3,0
4106,641,850739,2497083,5,bank_app,13.6,dev_789098,0,2,0
4107,641,3471814,732626,2,web,3.83,dev_194327,2,2,0
4108,641,1678603,1778579,4,wallet,13.78,dev_108029,0,0,0
4109,641,300430,1008412,5,bank_app,9.14,dev_358355,2,3,0
4110,641,1941313,1953116,4,wallet,65.56,dev_574967,0,0,0
4111,641,3197938,1650455,4,wallet,2.93,dev_081795,2,2,0
4112,641,1409632,3471016,1,qr_pay,17.75,dev_455729,0,2,0
4113,641,3111745,665817,5,bank_app,88.52,dev_172964,0,2,0
4114,641,2351952,3471707,5,bank_app,24.69,dev_238235,0,0,0
4115,641,681596,443247,5,bank_app,54.96,dev_341976,3,2,0
4116,641,3471556,3181352,6,qr_pay,6.06,dev_235208,2,2,0
4117,641,1214661,3471472,1,qr_pay,6.29,dev_586145,0,2,0
4118,642,2770814,3472595,11,web,96.88,dev_394160,0,2,0
4119,642,2816150,1701257,4,bank_app,37.01,dev_563200,2,0,0
4120,642,3471899,1393971,6,web,29.16,dev_772609,2,2,0
4121,642,2422665,3008989,5,qr_pay,8.97,dev_501070,3,0,0
4122,643,155035,414292,6,merchant_api,29.1,dev_405674,0,3,0
4123,643,953217,3473262,4,qr_pay,12.05,dev_082835,0,3,0
4124,643,2545700,1689175,5,web,71.39,dev_447323,0,2,0
4125,643,1723696,2467478,4,qr_pay,393.49,dev_997230,3,2,0
4126,644,76284,447030,5,merchant_api,37.92,dev_003974,0,2,0
4127,644,1101411,1268760,4,web,19.08,dev_415676,2,1,1
4128,644,2863839,1227092,2,bank_app,2.94,dev_557202,2,0,0
4129,645,1499913,3475119,6,bank_app,5.84,dev_546947,0,2,0
4130,645,2232745,419965,8,web,126.39,dev_242479,2,3,0
4131,645,2131004,2267318,6,bank_app,10.52,dev_004828,0,2,0
4132,645,1584986,1368181,4,merchant_api,24.2,dev_941657,0,0,0
4133,645,1245754,2360820,6,bank_app,47.93,dev_160748,3,0,0
4134,646,1830233,3401888,6,qr_pay,100.89,dev_245313,2,2,0
4135,646,1405840,3092692,5,bank_app,20.5,dev_806486,3,0,0
4136,646,3475758,2695940,6,qr_pay,18.46,dev_781834,2,2,0
4137,646,2043747,1183522,1,qr_pay,28.35,dev_686950,2,2,0
4138,647,212638,3313863,5,qr_pay,13.95,dev_487441,0,2,0
4139,647,630159,5460,5,qr_pay,14.64,dev_336679,0,0,0
4140,647,132497,2138759,6,web,38.5,dev_285325,0,0,0
4141,647,3476970,1656821,5,qr_pay,28.98,dev_043517,2,0,0
4142,647,241279,3476559,2,merchant_api,196.06,dev_674573,0,2,0
4143,647,1730775,2224540,8,wallet,46.29,dev_606335,0,2,0
4144,648,1703170,555715,5,web,69.13,dev_954978,3,0,0
4145,648,3478492,2525250,4,qr_pay,12.88,dev_172990,2,0,0
4146,648,3210526,2127988,6,merchant_api,42.63,dev_125142,0,0,0
4147,648,530686,503163,5,web,12.8,dev_391035,0,2,0
4148,648,3207979,3478269,6,merchant_api,37.94,dev_603528,3,2,0
4149,649,3478971,2928236,5,merchant_api,45.59,dev_826824,2,2,0
4150,649,3478992,786902,4,web,35.34,dev_850294,2,2,0
4151,649,3465810,3469036,5,merchant_api,214.13,dev_676020,2,2,0
4152,649,946061,426552,5,merchant_api,88.69,dev_234089,0,0,0
4153,649,743176,3478796,5,merchant_api,70.78,dev_701521,0,2,0
4154,649,2753808,2720617,5,merchant_api,48.81,dev_001868,2,2,0
4155,649,3478676,222729,3,qr_pay,152.48,dev_220166,2,3,0
4156,649,3478696,1300091,8,qr_pay,8.56,dev_623506,2,3,0
4157,650,2154594,3479376,1,bank_app,91.22,dev_617359,0,2,0
4158,650,3166051,1609727,11,bank_app,10.89,dev_321405,2,2,0
4159,650,1962190,2684098,5,wallet,14.76,dev_609424,0,3,0
4160,650,3479964,540109,6,bank_app,44.05,dev_574340,2,0,0
4161,650,1036239,1521014,4,merchant_api,102.5,dev_158838,0,0,0
4162,650,3479780,700428,4,merchant_api,11.96,dev_402762,2,2,0
4163,651,3480855,1053396,6,qr_pay,16.76,dev_769488,2,3,0
4164,651,3479640,1423451,9,wallet,36.88,dev_196637,2,3,0
4165,651,1338960,2072145,5,bank_app,20.74,dev_888378,3,2,0
4166,651,941687,3480383,6,qr_pay,57.32,dev_237116,0,2,0
4167,651,1569225,1503186,5,bank_app,540.41,dev_708215,2,2,0
4168,651,68087,1657880,5,bank_app,35.78,dev_418154,3,3,0
4169,651,3481223,2786933,2,web,14.85,dev_486377,2,0,0
4170,652,149752,627732,5,qr_pay,7.64,dev_876489,3,2,0
4171,652,3482032,3448434,1,web,19.83,dev_855089,2,2,0
4172,652,3481034,1027919,11,web,11.4,dev_941236,2,2,0
4173,652,3480812,1571976,9,bank_app,51.46,dev_051171,2,3,0
4174,652,3481349,2957480,4,bank_app,50.75,dev_019301,3,0,0
4175,652,438123,768921,6,web,17.52,dev_860465,3,0,0
4176,653,2599227,1283548,6,merchant_api,158.61,dev_595670,0,2,0
4177,653,1974170,3342880,5,web,12.66,dev_222351,0,2,0
4178,653,2922881,2862358,4,qr_pay,30.34,dev_176425,2,2,0
4179,654,2199833,1924746,8,qr_pay,55.44,dev_238746,0,2,0
4180,654,3483208,1158910,6,wallet,59.31,dev_594791,2,0,0
4181,654,3482871,2063501,5,merchant_api,77.46,dev_030838,2,2,0
4182,655,3484284,3019946,8,web,45.86,dev_428368,2,2,0
4183,655,2823716,2048833,4,merchant_api,86.99,dev_235570,0,0,0
4184,655,816511,2829072,4,merchant_api,18.57,dev_372014,3,0,0
4185,655,880215,1352811,3,web,71.26,dev_720806,2,2,0
4186,656,2897268,2920258,8,merchant_api,70.4,dev_107716,3,0,0
4187,656,1949385,996274,6,qr_pay,103.71,dev_707790,0,2,0
4188,656,508245,3484992,5,bank_app,5.47,dev_599815,0,2,0
4189,656,1944736,1179326,9,wallet,14.93,dev_519624,2,0,0
4190,656,3480344,2757082,5,bank_app,51.46,dev_148022,2,2,0
4191,656,1644489,3140434,5,bank_app,2.26,dev_890334,0,3,0
4192,656,2006838,2208602,4,wallet,52.6,dev_091986,0,0,0
4193,656,1068289,3472224,5,bank_app,63.68,dev_211476,0,2,0
4194,657,606569,2683587,4,bank_app,20.11,dev_983748,0,0,0
4195,657,2491296,3486506,5,qr_pay,16.66,dev_783390,0,2,0
4196,657,3188896,2262808,4,bank_app,12.85,dev_975775,2,0,0
4197,657,2550010,2039383,6,web,16.62,dev_678188,0,2,0
4198,657,3486274,3093287,4,bank_app,21.69,dev_270146,2,3,0
4199,657,3485041,411497,5,qr_pay,13.27,dev_815301,2,3,0
4200,658,3486407,2021767,4,qr_pay,17.39,dev_316158,0,0,0
4201,658,1769357,484377,6,merchant_api,20.82,dev_927821,3,0,0
4202,658,3482318,1440453,9,qr_pay,26.19,dev_278989,0,2,0
4203,659,2576443,195788,6,wallet,143.56,dev_874816,0,0,0
4204,659,1554105,1523060,5,merchant_api,17.21,dev_893165,3,2,0
4205,659,995205,995008,5,merchant_api,33.44,dev_160068,0,0,0
4206,659,3487190,2507683,10,merchant_api,14.6,dev_904396,2,2,0
4207,659,1435951,245368,4,web,19.87,dev_659038,3,3,0
4208,659,944743,526774,6,wallet,5.73,dev_463413,0,0,0
4209,659,3110445,2120775,6,wallet,6.46,dev_929060,0,2,0
4210,659,1123343,722539,5,merchant_api,8.28,dev_985892,0,0,0
4211,659,1563809,2024561,5,merchant_api,28.94,dev_213677,0,2,0
4212,659,3488005,627417,3,qr_pay,82.15,dev_673566,3,2,0
4213,660,2720311,2940207,5,wallet,4.91,dev_543560,0,2,0
4214,660,1289252,25444,4,merchant_api,20.61,dev_266601,2,0,0
4215,660,449394,34935,5,wallet,7.17,dev_748132,0,0,0
4216,660,951920,1565074,6,bank_app,20.95,dev_919507,0,0,0
4217,660,3288276,363012,6,bank_app,69.98,dev_681021,2,0,0
4218,661,3490184,2530462,4,wallet,22.6,dev_082430,2,2,0
4219,661,1003201,2614496,5,bank_app,23.51,dev_466603,3,0,0
4220,661,3432072,551047,8,merchant_api,115.55,dev_874626,0,3,0
4221,661,3058844,1249416,1,qr_pay,40.13,dev_937476,0,3,0
4222,661,1593585,2118878,4,wallet,17.05,dev_680920,3,2,0
4223,662,2855951,3490729,6,web,30.66,dev_615547,0,2,0
4224,662,3491242,1642448,6,web,12.62,dev_043804,2,0,0
4225,662,1373849,1865118,5,qr_pay,35.82,dev_360318,3,0,0
4226,662,3490586,2727951,5,qr_pay,39.01,dev_251608,2,2,0
4227,662,3491100,2532482,6,web,7.76,dev_921716,0,0,0
4228,662,2105815,1835399,5,qr_pay,28.72,dev_550935,3,2,0
4229,662,3491041,2868676,6,web,23.91,dev_169331,3,0,0
4230,662,3491125,1031028,5,qr_pay,40.05,dev_827947,2,3,0
4231,662,3490849,1993389,5,qr_pay,51.84,dev_756030,2,3,0
4232,662,3491091,2045739,6,web,40.84,dev_598058,3,2,0
4233,663,3491651,3491678,4,qr_pay,25.72,dev_180670,2,2,0
4234,663,3488847,2481683,6,merchant_api,61.56,dev_044948,2,2,0
4235,663,2744194,1310199,4,qr_pay,15.4,dev_860901,0,3,0
4236,664,499624,1199070,5,merchant_api,7.47,dev_871850,3,0,0
4237,665,2067651,2124909,8,web,1.76,dev_733820,3,3,0
4238,665,785532,3493507,4,merchant_api,31.72,dev_060163,3,0,0
4239,665,1499276,1677764,5,wallet,11.71,dev_664379,3,0,0
4240,665,875522,663017,5,wallet,35.09,dev_528345,0,3,0
4241,665,3213386,3493422,4,merchant_api,5.73,dev_771484,3,2,0
4242,666,3494270,3055793,4,wallet,18.87,dev_460622,2,2,0
4243,666,3005071,2678053,5,bank_app,37.46,dev_820354,3,3,0
4244,666,2913563,997956,1,qr_pay,10.52,dev_026248,0,3,0
4245,667,3495322,1356180,5,qr_pay,35.46,dev_703111,2,0,0
4246,667,878706,1218113,6,web,16.1,dev_497472,0,0,0
4247,667,2394972,3495996,5,qr_pay,23.82,dev_900095,3,2,0
4248,667,989476,716496,6,web,45.41,dev_384522,0,3,0
4249,668,173007,2990590,5,web,57.83,dev_413585,0,0,0
4250,668,2949060,762115,5,web,26.66,dev_273734,0,0,0
4251,668,3496492,994284,5,web,11.79,dev_779408,2,2,0
4252,668,382435,3321062,3,bank_app,20.65,dev_955986,0,2,0
4253,668,358652,3496549,5,web,43.52,dev_872660,0,2,0
4254,668,1181559,3089283,6,merchant_api,10.6,dev_332290,3,2,0
4255,669,1780946,2998666,5,merchant_api,20.9,dev_992187,0,0,0
4256,669,3497812,1316073,5,merchant_api,17.33,dev_732294,2,2,0
4257,669,3125494,3125454,4,web,30.78,dev_360361,2,2,0
4258,669,1596472,1869898,5,merchant_api,9.89,dev_043739,0,0,0
4259,670,3499017,3003644,5,wallet,4.63,dev_810218,0,2,0
4260,670,1062429,882148,5,wallet,39.2,dev_619462,0,3,0
4261,670,336781,2969611,4,merchant_api,80.46,dev_950539,0,3,0
4262,670,3499179,3375166,1,bank_app,5.3,dev_107385,0,3,0
4263,670,3498571,3498787,2,qr_pay,40.13,dev_550446,2,2,0
4264,670,3498942,1830540,6,bank_app,70.45,dev_100415,2,2,0
4265,670,557150,810577,4,merchant_api,57.76,dev_345073,0,2,0
4266,670,1453919,855334,5,wallet,16.86,dev_647593,0,3,0
4267,671,3273566,3499658,6,qr_pay,11.37,dev_996299,2,2,0
4268,671,1415993,2945454,5,bank_app,26.39,dev_628294,3,0,0
4269,671,18187,3499697,1,qr_pay,33.22,dev_284242,0,2,0
4270,671,3389437,3331936,6,qr_pay,28.97,dev_642074,0,2,0
4271,672,3493766,908039,2,merchant_api,24.48,dev_541166,2,2,0
4272,672,3500731,1754631,6,web,10.03,dev_720467,3,2,0
4273,672,612836,661030,5,qr_pay,35.89,dev_636563,0,2,0
4274,672,3499142,324597,10,qr_pay,37.48,dev_117011,3,2,0
4275,673,105364,3501215,5,web,29.39,dev_947714,0,2,0
4276,673,139361,449250,5,web,27.11,dev_830819,0,3,0
4277,673,3501681,2462775,8,bank_app,141.36,dev_073391,2,2,0
4278,673,1128242,3313798,8,bank_app,17.78,dev_076779,0,2,0
4279,673,1193598,1059179,5,web,77.73,dev_432025,0,0,0
4280,673,3500121,2624701,9,qr_pay,17.45,dev_501554,0,2,0
4281,673,1730270,109878,5,web,66.56,dev_948856,0,3,0
4282,674,3501836,2782037,5,merchant_api,74.44,dev_722236,2,2,0
4283,674,217031,975160,6,wallet,20.41,dev_589420,0,3,0
4284,674,3499364,2008757,6,wallet,118.49,dev_151196,2,0,0
4285,674,3502675,760437,6,wallet,40.53,dev_208856,2,0,0
4286,674,3225529,3501830,9,web,15.34,dev_327008,2,2,0
4287,675,3250811,2316466,4,merchant_api,24.13,dev_862536,0,0,0
4288,675,1145475,2831623,6,bank_app,73.66,dev_964949,3,2,0
4289,675,3502844,195275,8,web,71.58,dev_169978,2,3,0
4290,675,3503322,3336654,5,wallet,9.47,dev_676031,2,2,0
4291,675,2290145,3453953,8,web,27.51,dev_357174,2,2,0
4292,676,129804,1982145,6,qr_pay,31.92,dev_208691,0,2,0
4293,676,3504109,2441940,1,qr_pay,16.83,dev_581677,2,2,0
4294,676,3504460,2745767,5,bank_app,204.8,dev_486532,3,2,0
4295,676,3504467,971558,3,merchant_api,38.49,dev_867109,2,3,0
4296,676,1770769,3504066,4,wallet,31.96,dev_976903,0,0,0
4297,676,1869077,1949960,5,bank_app,71.65,dev_872505,3,3,0
4298,676,797311,2386514,8,merchant_api,22.45,dev_747527,3,2,0
4299,676,2526749,1794966,3,merchant_api,77.22,dev_843578,2,2,0
4300,677,2533383,152718,4,bank_app,7.53,dev_945259,0,0,0
4301,677,1683917,517108,4,bank_app,22.46,dev_387293,0,0,0
4302,677,2190856,533359,5,qr_pay,63.06,dev_033466,0,2,0
4303,677,3505331,364883,3,wallet,128.15,dev_536921,2,3,0
4304,677,253619,2353085,5,qr_pay,12.23,dev_427889,0,2,0
4305,678,3506642,2865934,6,merchant_api,11.93,dev_017902,2,3,0
4306,678,1089821,1316269,5,web,40.88,dev_266153,3,2,0
4307,678,2350147,1639249,4,qr_pay,19.28,dev_853606,3,2,0
4308,678,3416626,3506518,6,merchant_api,20.87,dev_844354,2,2,0
4309,678,466028,200112,3,bank_app,68.63,dev_784861,2,2,0
4310,679,86066,3507240,5,merchant_api,15.03,dev_949402,0,2,0
4311,679,3507021,1717337,4,web,5.76,dev_010443,3,2,0
4312,679,3465858,1652343,5,merchant_api,7.61,dev_717152,0,3,0
4313,679,2671816,3507454,4,web,34.09,dev_324743,0,2,0
4314,679,1660318,3507872,4,web,6.31,dev_649502,0,2,0
4315,679,2651635,3506964,3,qr_pay,23.87,dev_395345,0,2,0
4316,679,3506701,1618583,4,web,9.65,dev_886023,2,3,0
4317,680,148206,933955,6,bank_app,116.27,dev_111268,0,0,0
4318,680,2461304,309922,5,wallet,172.2,dev_819095,3,0,0
4319,680,3509002,2240171,4,merchant_api,13.03,dev_151958,2,2,0
4320,680,412283,3468837,5,wallet,30.91,dev_871314,0,2,0
4321,680,1292572,1214226,5,wallet,10.34,dev_774780,3,2,0
4322,681,440228,2375799,4,wallet,25.58,dev_625314,2,2,0
4323,681,3034303,3509404,5,bank_app,124.35,dev_289134,2,2,0
4324,682,3511527,2075913,4,bank_app,22.2,dev_365593,2,2,0
4325,682,3511257,3511323,5,qr_pay,18.96,dev_095604,2,2,0
4326,682,1419676,959038,5,qr_pay,10.5,dev_129399,0,3,0
4327,682,1142828,3511311,4,bank_app,94.78,dev_292491,0,2,0
4328,682,3511134,292422,6,web,1.41,dev_942257,2,2,0
4329,683,557454,752851,11,merchant_api,17.84,dev_964046,0,2,0
4330,683,3511880,3429546,2,wallet,27.62,dev_719477,2,2,0
4331,683,2548958,373650,1,merchant_api,14.66,dev_100918,2,3,0
4332,683,1883412,2646525,6,merchant_api,57.81,dev_983620,2,3,0
4333,684,3511666,883469,10,merchant_api,72.37,dev_920894,2,2,0
4334,684,1596896,2037361,6,wallet,7.46,dev_397903,0,2,0
4335,685,224673,3514347,5,wallet,161.44,dev_360504,0,2,0
4336,685,3514102,2051140,7,qr_pay,8.0,dev_942258,2,0,0
4337,685,3513935,1297970,5,wallet,78.24,dev_401734,2,0,0
4338,685,647089,2156736,8,web,35.69,dev_300611,2,2,0
4339,685,3513825,766225,5,wallet,15.59,dev_908797,2,3,0
4340,686,377666,3454500,5,bank_app,16.97,dev_616042,0,2,0
4341,686,893041,923469,8,merchant_api,30.26,dev_661804,0,0,0
4342,686,99755,527532,5,bank_app,29.59,dev_568173,0,0,0
4343,686,1358470,3515287,6,qr_pay,11.61,dev_252892,3,2,0
4344,687,2991495,2757156,6,web,21.53,dev_461915,0,3,0
4345,687,302465,688049,5,qr_pay,12.26,dev_426716,0,2,0
4346,687,2005197,531232,5,qr_pay,8.22,dev_874042,2,0,0
4347,687,3513084,1205439,6,web,12.74,dev_461322,2,3,0
4348,688,2495529,1241609,6,merchant_api,9.44,dev_683614,0,0,0
4349,688,1220989,2402459,5,web,16.81,dev_802986,0,0,0
4350,688,3517567,2729325,5,web,36.21,dev_114323,3,0,0
4351,688,3517764,1567406,4,qr_pay,37.66,dev_552199,2,3,0
4352,689,3518615,1495425,5,merchant_api,145.03,dev_634851,2,2,0
4353,689,1644973,1043552,5,merchant_api,3.36,dev_821674,3,0,0
4354,689,1778480,2305515,6,wallet,40.54,dev_944171,2,2,0
4355,690,2798979,3520295,1,bank_app,26.73,dev_651178,2,2,0
4356,690,2519889,274994,5,wallet,51.12,dev_334747,0,0,0
4357,690,3520325,1332867,4,merchant_api,64.38,dev_833244,2,3,0
4358,690,1358671,3520249,5,wallet,21.15,dev_397978,0,2,0
4359,690,3519934,701947,5,wallet,28.66,dev_491765,2,0,0
4360,690,1152396,748435,6,bank_app,13.6,dev_471251,0,0,0
4361,690,3449745,1926060,1,bank_app,46.17,dev_332502,2,2,0
4362,691,3521175,997835,5,bank_app,4.52,dev_878780,0,2,0
4363,691,3011086,180585,6,qr_pay,53.47,dev_800664,0,3,0
4364,691,792556,1554364,5,bank_app,24.03,dev_945023,0,3,0
4365,692,3521641,1220153,3,wallet,20.12,dev_714915,2,2,0
4366,692,3484128,1327655,4,bank_app,27.4,dev_687847,3,3,0
4367,692,3522001,2381089,8,wallet,27.02,dev_672633,2,2,0
4368,692,3520125,3391707,1,web,85.42,dev_890864,2,2,0
4369,692,2998884,1075834,5,qr_pay,450.4,dev_868803,0,0,0
4370,692,3522097,3430582,5,qr_pay,73.54,dev_697952,2,2,0
4371,692,3521370,330109,1,web,15.98,dev_113395,3,0,0
4372,692,1979269,662534,11,web,46.84,dev_724628,0,3,0
4373,692,146261,2672328,5,qr_pay,44.97,dev_279763,0,2,0
4374,693,3519810,3423410,1,merchant_api,11.56,dev_072978,2,2,0
4375,693,343084,3407600,5,web,7.89,dev_682491,0,2,0
4376,693,1084906,3386098,4,qr_pay,31.91,dev_259325,0,0,0
4377,693,2628704,2630625,4,qr_pay,69.89,dev_360813,0,3,0
4378,694,829231,3523816,4,web,7.92,dev_220334,3,2,0
4379,694,3523696,1907783,5,merchant_api,12.82,dev_286519,2,2,0
4380,695,3003110,3524610,4,merchant_api,56.56,dev_420978,0,2,0
4381,695,3524829,1755708,4,merchant_api,35.08,dev_768721,0,0,0
4382,695,328391,147958,5,wallet,87.76,dev_736009,3,3,0
4383,695,788939,2011074,5,wallet,6.89,dev_427708,0,2,0
4384,695,3524143,285077,5,wallet,203.76,dev_089233,0,3,0
4385,695,2044658,2935642,11,bank_app,6.66,dev_211018,2,2,0
4386,696,3526059,2416846,1,qr_pay,4.28,dev_651822,2,2,0
4387,696,3524873,2304887,11,qr_pay,25.2,dev_770057,2,2,0
4388,697,1463492,111782,8,wallet,11.23,dev_122561,3,0,0
4389,697,900568,106091,5,qr_pay,23.69,dev_294106,0,0,0
4390,697,366920,1277509,4,bank_app,31.62,dev_895975,3,0,0
4391,697,2004425,3051162,8,wallet,26.15,dev_961563,0,2,0
4392,698,3526830,345421,9,qr_pay,15.83,dev_560290,2,3,0
4393,698,3527680,2767214,8,bank_app,46.03,dev_045715,2,2,0
4394,698,1200338,3221273,2,wallet,21.64,dev_870373,3,2,0
4395,698,3498402,3527894,10,web,66.24,dev_485318,2,2,0
4396,698,3493277,3032123,5,web,20.86,dev_463780,2,3,0
4397,699,855040,1080268,8,qr_pay,13.09,dev_835882,3,0,0
4398,699,1056602,3335415,6,wallet,5.82,dev_505845,3,2,0
4399,699,157200,1135760,5,merchant_api,21.01,dev_992246,0,2,0
4400,699,2858797,3529153,4,web,10.78,dev_534466,2,2,0
4401,699,2206349,436550,6,wallet,7.89,dev_878137,0,3,0
4402,699,3529178,2843020,5,merchant_api,39.44,dev_786312,3,0,0
4403,699,3432318,3529194,5,merchant_api,4.95,dev_671980,2,2,0
4404,699,3510632,3528784,6,wallet,94.72,dev_393669,2,2,0
4405,700,1612902,1664355,6,bank_app,30.68,dev_238452,0,2,0
4406,700,3528203,1217520,9,merchant_api,32.48,dev_132732,3,3,0
4407,700,3530040,1893259,5,wallet,9.67,dev_208794,2,0,0
4408,700,3528204,2253830,5,wallet,48.81,dev_604007,0,2,0
4409,700,838261,3530180,4,merchant_api,33.7,dev_006605,3,0,0
4410,701,1047743,3530314,5,bank_app,13.23,dev_385284,0,2,0
4411,701,3694428,411060,10,bank_app,29.37,dev_025218,2,2,0
4412,702,3531147,2411181,6,web,5.84,dev_958841,2,2,0
4413,703,839154,1912508,6,merchant_api,6.1,dev_647495,0,3,0
4414,703,261163,3173042,5,web,8.95,dev_374204,3,0,0
4415,703,3531471,1999820,11,merchant_api,36.4,dev_731400,0,2,0
4416,703,124672,3471925,4,qr_pay,33.69,dev_431698,0,2,0
4417,703,3532145,529787,6,merchant_api,68.31,dev_026411,0,2,0
4418,703,1662010,1576994,4,qr_pay,14.76,dev_030394,3,2,0
4419,704,1446473,1967243,5,merchant_api,41.15,dev_721413,0,2,0
4420,704,3533836,2479608,4,web,30.49,dev_158185,2,2,0
4421,704,1785010,2989295,8,qr_pay,13.35,dev_836779,3,0,0
4422,705,470737,649595,5,wallet,34.7,dev_200068,0,3,0
4423,705,3533368,496152,10,wallet,23.12,dev_667480,0,3,0
4424,705,2852200,3535162,5,wallet,13.93,dev_663652,2,0,0
4425,705,3532801,2920280,1,bank_app,27.6,dev_969763,2,2,0
4426,705,191423,3178957,4,merchant_api,30.07,dev_456626,3,2,0
4427,706,1133986,2928128,5,bank_app,21.36,dev_608593,0,2,0
4428,706,2295679,3469252,5,bank_app,16.92,dev_319021,0,0,0
4429,707,714809,1005948,5,qr_pay,7.58,dev_833823,2,0,0
4430,707,2130315,2976446,4,bank_app,36.14,dev_988113,0,0,0
4431,707,2360615,3536717,1,web,12.9,dev_521948,0,3,0
4432,707,735876,2896401,5,qr_pay,9.79,dev_707755,0,2,0
4433,707,1418471,3537532,11,web,21.4,dev_917956,0,2,0
4434,707,3536841,1627322,4,bank_app,65.41,dev_147533,3,2,0
4435,707,2634934,2247741,6,web,31.41,dev_840414,0,2,0
4436,707,2019763,1342191,2,merchant_api,17.85,dev_488616,2,0,0
4437,708,2543814,3538375,4,qr_pay,20.2,dev_931277,2,2,0
4438,708,519268,529445,5,web,43.48,dev_613221,0,3,0
4439,709,3538332,1744851,5,merchant_api,2.84,dev_952895,3,3,0
4440,709,2882561,3538610,1,wallet,54.47,dev_259264,2,2,0
4441,709,3539593,673826,5,merchant_api,4.54,dev_479002,2,0,0
4442,710,3539985,922791,5,wallet,6.86,dev_763696,3,0,0
4443,710,2939752,2921345,4,merchant_api,21.27,dev_905467,0,2,0
4444,710,3541013,436504,5,wallet,172.97,dev_019231,2,0,0
4445,710,345545,813258,3,web,141.13,dev_631825,3,3,0
4446,711,961928,2539520,5,bank_app,46.33,dev_700285,3,0,0
4447,711,2403090,3541950,3,merchant_api,42.99,dev_189928,0,2,0
4448,711,1078318,2820958,6,qr_pay,4.97,dev_930250,0,2,0
4449,711,1978507,228167,5,bank_app,28.25,dev_500144,0,3,0
4450,711,672024,3281571,6,qr_pay,16.21,dev_965773,0,2,0
4451,711,3695272,444891,11,qr_pay,12.74,dev_300107,2,3,0
4452,711,1087183,1430260,5,bank_app,28.2,dev_488683,3,2,0
4453,712,3541987,266150,1,web,17.39,dev_012285,2,2,0
4454,712,1871869,2500403,9,bank_app,73.87,dev_672969,2,2,0
4455,712,3695355,279651,11,web,4.65,dev_862490,2,0,0
4456,713,3543532,1167981,5,web,26.25,dev_100762,0,3,0
4457,713,3528550,93384,6,merchant_api,12.05,dev_046250,0,3,0
4458,713,3543928,1235390,5,web,16.97,dev_823080,2,2,0
4459,713,518451,2672087,6,merchant_api,34.96,dev_857232,0,2,0
4460,714,3544650,660741,5,merchant_api,8.97,dev_507571,3,3,0
4461,714,3544749,1992732,1,wallet,30.81,dev_792034,0,3,0
4462,714,3545618,3503812,1,wallet,21.95,dev_315002,0,2,0
4463,715,3545894,2968065,1,bank_app,14.67,dev_881993,2,0,0
4464,715,3209490,1223593,3,web,20.42,dev_925472,3,2,0
4465,716,2248143,3547065,6,qr_pay,23.12,dev_098954,0,3,0
4466,716,646510,3547121,10,bank_app,12.29,dev_669426,0,2,0
4467,716,2679592,166726,5,bank_app,24.69,dev_160454,0,3,0
4468,716,3547571,13656,5,bank_app,19.1,dev_739127,2,0,0
4469,717,2843493,2783975,5,qr_pay,14.15,dev_947316,3,0,0
4470,717,1636100,3547887,3,wallet,130.43,dev_268958,0,2,0
4471,717,3548256,3030725,1,web,38.62,dev_643631,2,2,0
4472,717,968035,1840257,3,wallet,22.1,dev_310050,3,3,0
4473,717,830765,784823,4,bank_app,38.52,dev_495044,0,0,0
4474,717,3548013,3205249,7,merchant_api,11.43,dev_561474,2,3,0
4475,717,402150,3548655,1,web,17.94,dev_326357,0,2,0
4476,718,1178424,3549692,4,qr_pay,25.33,dev_661542,0,2,0
4477,718,3547897,131298,10,web,7.99,dev_627094,2,0,0
4478,718,3549219,3159497,1,merchant_api,37.66,dev_437238,2,2,0
4479,718,2885994,886449,1,merchant_api,16.86,dev_578344,0,0,0
4480,718,3549701,1009216,5,web,17.82,dev_558768,0,2,0
4481,719,89041,1661290,10,merchant_api,14.7,dev_150016,3,2,0
4482,719,2102404,3551307,5,merchant_api,351.84,dev_575514,0,2,0
4483,719,2955777,1779599,5,merchant_api,13.51,dev_508778,0,2,0
4484,719,2042353,1449448,6,wallet,4.13,dev_792174,0,0,0
4485,720,398114,361382,6,bank_app,6.3,dev_237548,0,2,0
4486,720,211635,2527021,10,wallet,48.59,dev_052360,0,2,0
4487,720,3551836,1708775,5,wallet,81.68,dev_926321,2,2,0
4488,720,3552470,2093553,5,wallet,13.28,dev_333765,2,2,0
4489,720,904448,811560,5,wallet,77.56,dev_784636,2,2,0
4490,721,3552847,807872,5,bank_app,47.82,dev_264387,2,0,0
4491,721,671742,892928,4,wallet,28.49,dev_514332,0,2,0
4492,721,1830237,3553215,1,qr_pay,21.02,dev_269748,0,0,0
4493,721,287758,681501,6,qr_pay,31.27,dev_785933,3,2,0
4494,721,2494420,3553792,2,web,63.42,dev_550106,2,2,0
4495,721,2035669,3553283,10,bank_app,35.08,dev_557356,2,2,0
4496,721,292303,2106901,6,qr_pay,14.45,dev_390927,0,3,0
4497,722,1440192,3554973,5,qr_pay,20.97,dev_191467,2,2,0
4498,722,3331901,3555272,4,bank_app,200.97,dev_181428,0,2,0
4499,722,3555122,1465547,5,qr_pay,30.76,dev_547441,2,3,0
4500,722,3552768,579668,10,qr_pay,53.65,dev_937539,3,2,0
4501,722,3696194,1429813,11,web,43.2,dev_890235,2,2,0
4502,723,3121253,175354,4,qr_pay,43.21,dev_246136,0,2,0
4503,723,3380807,1550455,5,web,27.05,dev_842292,3,3,0
4504,723,3250634,975155,1,merchant_api,59.6,dev_745426,0,3,0
4505,723,1161165,1477835,5,web,46.84,dev_796454,3,2,0
4506,723,1278277,3556508,5,web,31.11,dev_270068,3,3,0
4507,723,733399,3556194,5,web,13.14,dev_393926,2,2,0
4508,723,2492631,2192437,11,merchant_api,37.6,dev_673568,3,0,0
4509,724,3044721,3557144,9,web,31.81,dev_545176,3,2,0
4510,724,3557841,3466215,1,wallet,20.14,dev_633270,2,2,0
4511,724,1268509,2173102,5,merchant_api,273.39,dev_126546,3,0,0
4512,724,2726238,3557159,10,merchant_api,6.14,dev_331915,2,3,0
4513,724,3556244,1450310,11,wallet,62.97,dev_394653,0,3,0
4514,725,3527658,3558770,4,merchant_api,15.54,dev_655471,2,2,0
4515,725,861433,235874,4,merchant_api,38.02,dev_844961,2,0,0
4516,726,3559880,2342776,2,web,290.54,dev_302524,0,2,0
4517,726,450413,3560269,6,qr_pay,11.18,dev_527775,3,2,0
4518,726,2060669,3560063,3,merchant_api,16.26,dev_143697,2,2,0
4519,726,2875902,3560689,4,wallet,33.26,dev_060135,0,2,0
4520,726,3560282,968536,5,bank_app,11.44,dev_394571,2,2,0
4521,727,3561863,3545346,5,qr_pay,54.36,dev_792956,2,2,0
4522,727,3556372,900755,9,bank_app,20.88,dev_775797,2,0,0
4523,727,970707,259066,5,qr_pay,44.19,dev_556711,3,0,0
4524,727,3561329,1226464,5,qr_pay,7.42,dev_107102,2,2,0
4525,728,23242,3562546,5,web,4.83,dev_865084,0,2,0
4526,728,3563440,1302353,4,qr_pay,27.49,dev_793489,2,2,0
4527,729,3546879,391704,5,merchant_api,5.98,dev_194693,2,3,0
4528,729,2994019,3563634,1,wallet,104.21,dev_899329,0,2,0
4529,729,832031,2947636,6,wallet,6.71,dev_633447,2,0,0
4530,729,3563438,3475563,10,merchant_api,9.64,dev_229847,2,2,0
4531,730,3564926,602702,5,wallet,35.6,dev_760968,2,2,0
4532,730,1603681,1546439,5,wallet,14.47,dev_547936,0,0,0
4533,730,3565431,3382992,5,wallet,6.26,dev_556666,2,2,0
4534,731,3567114,2559318,6,qr_pay,166.66,dev_500992,2,2,0
4535,731,445320,1759061,8,merchant_api,12.66,dev_978015,3,0,0
4536,731,3101633,3566775,11,qr_pay,22.27,dev_698468,0,2,0
4537,731,3566380,2696391,5,bank_app,20.32,dev_763185,3,2,0
4538,731,3097760,3566478,5,bank_app,46.49,dev_118524,0,2,0
4539,732,3568638,663781,8,wallet,47.28,dev_127105,2,2,0
4540,732,3567804,673924,5,qr_pay,11.66,dev_028460,2,3,0
4541,732,2843424,1814830,10,qr_pay,18.3,dev_952173,0,2,0
4542,732,1816211,2404628,6,web,21.67,dev_948866,0,2,0
4543,732,2322159,2176304,4,bank_app,66.29,dev_783152,0,2,0
4544,732,3568459,733165,6,web,9.29,dev_269992,0,0,0
4545,733,3696998,817864,10,web,150.85,dev_156907,2,3,0
4546,733,3565676,3087713,5,web,12.39,dev_766066,2,0,0
4547,733,721129,1894849,5,web,24.34,dev_829070,0,3,0
4548,733,3570290,599463,5,web,8.64,dev_815030,2,3,0
4549,733,73334,19941,6,merchant_api,8.26,dev_409101,3,0,0
4550,733,212799,200861,5,web,11.17,dev_954373,0,0,0
4551,733,3569586,2081457,1,merchant_api,11.1,dev_808690,2,0,0
4552,734,694674,1404828,11,wallet,18.3,dev_797563,0,2,0
4553,734,3572074,3013177,2,bank_app,11.93,dev_369576,3,2,0
4554,734,3572119,3548267,4,web,63.18,dev_548363,0,2,0
4555,734,1032332,1933229,5,merchant_api,12.13,dev_992449,2,2,0
4556,734,3495624,1374980,1,wallet,11.89,dev_129145,0,2,0
4557,734,3554932,274711,5,merchant_api,17.22,dev_832488,2,3,0
4558,734,3571948,306967,4,web,82.56,dev_995556,2,0,0
4559,734,380331,3570892,5,merchant_api,29.77,dev_053904,0,2,0
4560,734,1262422,2083706,4,web,30.89,dev_396403,3,0,0
4561,735,3572893,232011,5,wallet,6.75,dev_856686,2,0,0
4562,735,3555123,2533090,2,qr_pay,10.29,dev_424894,2,2,0
4563,735,3525967,2504858,5,wallet,7.76,dev_348087,3,2,0
4564,735,3572487,3500012,8,web,101.11,dev_716961,2,2,0
4565,735,3572700,1833523,4,merchant_api,54.46,dev_980113,2,3,0
4566,735,3572837,777202,1,bank_app,12.24,dev_803187,0,2,0
4567,735,325543,415490,6,bank_app,15.99,dev_255244,3,3,0
4568,736,3571071,2505605,10,bank_app,11.67,dev_003103,0,0,0
4569,736,3574550,1611442,5,bank_app,11.05,dev_170275,2,2,0
4570,736,1640429,470989,6,qr_pay,40.22,dev_357977,0,0,0
4571,737,2605812,3575876,5,qr_pay,18.94,dev_747501,0,2,0
4572,737,992611,2521142,5,qr_pay,159.66,dev_411969,0,2,0
4573,738,2354537,2624019,4,qr_pay,104.1,dev_856198,2,2,0
4574,738,82830,3576801,5,web,79.72,dev_980468,0,2,0
4575,738,3430040,3576726,9,qr_pay,61.82,dev_073754,2,2,0
4576,738,3576914,3486844,6,merchant_api,18.17,dev_660339,2,2,0
4577,738,2023198,3577543,5,web,42.01,dev_549202,0,2,0
4578,738,3576934,667629,4,qr_pay,24.68,dev_319815,0,3,0
4579,739,1564988,3579042,4,web,146.53,dev_774319,0,2,0
4580,739,464177,3578671,6,wallet,38.24,dev_256038,2,2,0
4581,739,3484352,3578008,5,merchant_api,31.07,dev_635005,0,2,0
4582,739,3577920,1664913,5,merchant_api,27.5,dev_223154,0,0,0
4583,739,3577108,3213645,11,wallet,127.26,dev_225603,2,3,0
4584,740,3579550,1248639,5,wallet,6.75,dev_698999,0,3,0
4585,740,498559,3580442,4,merchant_api,176.7,dev_113294,3,2,0
4586,740,3578215,1410910,10,wallet,20.75,dev_209826,0,3,0
4587,740,3379104,1600306,3,web,8.8,dev_786116,3,0,0
4588,740,1740846,527247,4,merchant_api,17.17,dev_001030,0,0,0
4589,740,795176,3580311,6,bank_app,6.02,dev_753305,3,2,0
4590,740,450789,3579704,5,wallet,44.18,dev_683043,3,0,0
4591,740,3579504,401115,3,web,12.25,dev_548457,2,2,0
4592,741,3577169,1357502,5,bank_app,28.55,dev_105774,2,0,0
4593,741,868595,3582100,1,qr_pay,73.76,dev_474188,3,2,0
4594,741,3416037,3582266,6,qr_pay,14.52,dev_306558,2,2,0
4595,741,2468809,3581791,5,bank_app,19.27,dev_741706,2,0,0
4596,741,2489638,1579326,8,merchant_api,9.65,dev_232982,2,2,0
4597,741,3580007,2337048,1,qr_pay,18.74,dev_507431,2,2,0
4598,741,14956,3026378,5,bank_app,248.79,dev_591129,3,2,0
4599,743,87019,3118383,5,web,49.41,dev_039110,0,2,0
4600,743,3585290,3301469,5,web,19.33,dev_283188,2,0,0
4601,743,2889503,1859295,5,web,14.15,dev_532415,2,3,0
4602,743,3580326,206272,2,wallet,27.71,dev_368879,2,2,0
4603,743,1791278,3584752,10,web,27.58,dev_320900,3,2,0
4604,744,1445014,3586479,4,web,23.17,dev_456207,0,0,0
4605,744,3560928,2572055,4,web,54.44,dev_458432,0,3,0
4606,745,122849,1921068,5,wallet,10.4,dev_752691,3,0,0
4607,745,43210,3588298,5,wallet,10.35,dev_367811,0,2,0
4608,745,710265,3587031,6,bank_app,37.08,dev_927914,0,2,0
4609,746,3588495,2959479,1,qr_pay,9.28,dev_728691,0,3,0
4610,746,252959,1744181,7,web,55.49,dev_510522,2,0,0
4611,746,1711534,1875664,3,merchant_api,30.79,dev_708107,0,2,0
4612,746,3083951,3589253,11,qr_pay,5.13,dev_919008,2,2,0
4613,746,3589251,1269329,5,bank_app,27.07,dev_911700,2,2,0
4614,747,1871097,2995068,5,qr_pay,5.38,dev_017285,0,2,0
4615,747,999170,3590829,4,bank_app,63.06,dev_616687,3,2,0
4616,747,1767242,1016468,4,bank_app,27.01,dev_017026,0,0,0
4617,748,3298799,1851189,6,merchant_api,140.61,dev_692488,3,2,0
4618,748,3149792,3592300,6,merchant_api,69.7,dev_316617,2,2,0
4619,748,1006267,3592635,4,qr_pay,13.01,dev_709124,0,0,0
4620,748,1899495,3592036,5,web,3.98,dev_723264,0,2,0
4621,748,2366836,1019332,5,web,12.43,dev_568164,2,3,0
4622,748,3055422,955540,8,bank_app,10.39,dev_337047,2,2,0
4623,748,1662763,1970768,6,merchant_api,137.44,dev_882099,2,3,0
4624,748,1639216,3334181,5,web,24.31,dev_940459,3,2,0
4625,749,2121359,1083449,11,wallet,61.56,dev_990436,0,2,0
4626,749,2890798,2772696,4,web,26.14,dev_248802,0,2,0
4627,749,3593058,3493664,5,merchant_api,20.87,dev_151432,2,2,0
4628,749,539521,1028417,6,wallet,25.81,dev_241449,0,3,0
4629,749,3593594,1642024,4,web,91.46,dev_888460,2,0,0
4630,749,3593465,2765443,5,merchant_api,32.47,dev_796098,2,2,0
4631,750,1573907,245608,3,web,12.04,dev_986080,3,0,0
4632,750,3579646,1581926,5,wallet,105.66,dev_433188,0,3,0
4633,750,568888,917919,5,wallet,18.85,dev_553786,0,3,0
4634,750,435449,3594786,5,wallet,16.28,dev_469091,3,2,0
4635,750,3594309,1721317,4,merchant_api,2.65,dev_527591,2,2,0
4636,750,921377,3595126,6,bank_app,47.04,dev_546642,0,2,0
4637,751,3590700,3523392,10,bank_app,26.87,dev_445580,2,2,0
4638,751,1130077,439290,6,qr_pay,29.08,dev_753117,3,3,0
4639,751,68737,1786054,1,qr_pay,18.49,dev_939377,3,3,0
4640,752,3525482,805071,4,bank_app,20.13,dev_667774,0,2,0
4641,752,1706447,3082666,5,qr_pay,17.59,dev_047206,0,0,0
4642,752,1863938,657131,5,qr_pay,37.22,dev_379541,3,3,0
4643,752,3597835,3036756,5,qr_pay,43.61,dev_123896,0,2,0
4644,752,3597859,254551,5,qr_pay,19.93,dev_256918,2,0,0
4645,752,129648,3377824,5,qr_pay,57.63,dev_983413,3,2,0
4646,752,3598416,725388,5,qr_pay,22.85,dev_170772,2,2,0
4647,753,2886323,3598551,4,qr_pay,21.46,dev_789840,0,0,0
4648,754,171471,3601264,4,web,40.39,dev_290438,0,2,0
4649,754,3598866,1310663,11,wallet,7.82,dev_464075,0,0,0
4650,754,1216808,3600761,4,web,41.66,dev_789716,0,2,0
4651,754,2510074,3498671,5,merchant_api,6.12,dev_040500,0,2,0
4652,754,828459,1643380,4,web,13.4,dev_780531,0,1,1
4653,755,3601546,1360428,3,web,5.07,dev_322169,2,2,0
4654,755,525564,2646572,5,wallet,20.96,dev_807592,0,2,0
4655,755,1122073,3601834,8,web,132.78,dev_457399,0,2,0
4656,755,3602134,191527,5,wallet,22.08,dev_082890,0,3,0
4657,755,1537364,1154823,6,bank_app,47.43,dev_315776,2,3,0
4658,755,2753089,1320726,5,wallet,203.79,dev_873924,0,2,0
4659,755,1369878,2048247,1,bank_app,38.23,dev_847993,2,2,0
4660,755,1865195,3601807,10,wallet,12.32,dev_944653,2,2,0
4661,755,3200078,566347,6,bank_app,15.11,dev_879580,3,3,0
4662,755,3602038,661136,5,wallet,24.55,dev_424174,2,2,0
4663,755,3602333,1733862,5,wallet,13.88,dev_047116,0,0,0
4664,756,1085864,1894157,3,merchant_api,18.87,dev_632338,3,2,0
4665,756,3603701,2311709,1,qr_pay,64.5,dev_185641,0,0,0
4666,756,1517518,1894695,5,bank_app,61.78,dev_247628,0,3,0
4667,756,1162967,649164,4,wallet,7.67,dev_011198,0,2,0
4668,756,3292715,1672291,10,bank_app,11.75,dev_471491,2,2,0
4669,756,1544885,1469496,5,bank_app,16.16,dev_261367,0,1,1
4670,756,1982318,3602802,5,bank_app,42.06,dev_133149,3,2,0
4671,757,3605141,1779865,1,web,74.35,dev_286076,2,2,0
4672,757,2894517,3151284,5,qr_pay,279.16,dev_179702,0,2,0
4673,757,3167060,572603,3,wallet,20.51,dev_786015,2,0,0
4674,757,781092,2515361,9,bank_app,23.24,dev_791896,0,2,0
4675,757,3046372,3604384,10,qr_pay,41.67,dev_071190,0,2,0
4676,757,3604127,2892121,4,bank_app,18.28,dev_019202,2,2,0
4677,757,471306,597961,1,web,23.41,dev_252318,0,2,0
4678,758,935312,1275058,5,web,16.89,dev_962427,0,3,0
4679,758,27137,3605749,5,web,2.32,dev_772497,3,2,0
4680,758,769652,1770343,8,bank_app,34.85,dev_395940,3,0,0
4681,758,3592782,513419,6,merchant_api,22.55,dev_235332,2,0,0
4682,758,2531938,3440532,4,qr_pay,106.07,dev_418036,0,2,0
4683,758,1415116,3605583,5,web,24.65,dev_998084,0,2,0
4684,758,3606204,985718,5,web,7.93,dev_435733,3,3,0
4685,758,548882,3605238,4,qr_pay,26.78,dev_671093,2,2,0
4686,759,434095,3468829,5,merchant_api,3.74,dev_719843,2,2,0
4687,759,3607378,3198567,4,web,11.36,dev_223636,3,3,0
4688,759,1664077,2840729,6,wallet,47.09,dev_045102,3,2,0
4689,760,1134620,2848244,4,merchant_api,27.04,dev_673348,2,3,0
4690,760,503256,2216469,5,wallet,56.28,dev_152862,0,2,0
4691,760,888084,2227025,4,merchant_api,5.75,dev_176467,0,0,0
4692,760,1398978,2523680,3,web,25.07,dev_973924,0,2,0
4693,760,3609069,3609010,5,wallet,15.99,dev_962308,2,2,0
4694,760,3608206,1449502,5,wallet,57.99,dev_941343,0,2,0
4695,761,3188201,3610202,4,wallet,61.9,dev_176848,2,2,0
4696,761,3610423,717060,4,wallet,60.22,dev_987928,2,0,0
4697,761,40777,3416520,5,bank_app,98.23,dev_357435,0,2,0
4698,761,143385,567062,5,bank_app,17.61,dev_473521,3,3,0
4699,762,2807264,1337250,6,web,88.37,dev_393284,0,2,0
4700,763,3612144,2065480,1,merchant_api,10.38,dev_743981,0,2,0
4701,763,2570419,2385648,5,web,9.27,dev_114811,0,0,0
4702,764,45965,1307758,5,merchant_api,48.3,dev_566040,3,2,0
4703,764,1339746,3613786,4,web,8.72,dev_480193,3,3,0
4704,764,2015120,2515598,4,web,56.57,dev_427772,2,2,0
4705,764,3613014,1219343,5,merchant_api,26.87,dev_637156,3,0,0
4706,764,3167177,3613601,5,merchant_api,64.37,dev_922690,3,2,0
4707,764,3612978,2505197,5,merchant_api,23.25,dev_923516,2,0,0
4708,765,1835606,3614287,10,wallet,25.8,dev_523460,2,2,0
4709,765,3614365,3327371,4,merchant_api,53.43,dev_574366,0,2,0
4710,765,2071255,3614295,4,merchant_api,18.61,dev_216300,0,0,0
4711,765,1217179,3615212,5,wallet,12.99,dev_701534,3,2,0
4712,765,627370,820835,3,web,47.8,dev_618004,3,2,0
4713,765,1071798,3227508,5,wallet,23.89,dev_921734,0,0,0
4714,766,2938294,3616080,1,qr_pay,18.42,dev_643231,3,2,0
4715,766,3615631,2370485,4,wallet,31.36,dev_603874,2,0,0
4716,766,3615623,2398109,5,bank_app,103.04,dev_728377,2,0,0
4717,766,3410989,3616925,6,qr_pay,17.84,dev_365610,3,2,0
4718,767,152688,2873129,6,web,17.38,dev_602538,0,2,0
4719,767,565171,1945535,4,bank_app,7.27,dev_323098,3,2,0
4720,767,3615844,3339139,1,web,25.58,dev_025453,2,3,0
4721,767,677238,1814063,5,qr_pay,44.31,dev_090326,0,0,0
4722,767,3407042,135405,6,web,56.41,dev_458460,0,3,0
4723,767,3260710,3617193,5,qr_pay,27.04,dev_134122,2,3,0
4724,767,1588524,937009,5,qr_pay,57.99,dev_379938,2,3,0
4725,767,1413187,2534000,5,qr_pay,47.38,dev_125543,3,0,0
4726,768,2433095,1142406,8,bank_app,84.92,dev_788344,0,2,0
4727,768,1640821,3618979,4,qr_pay,81.93,dev_917864,3,2,0
4728,768,1756751,3289666,1,merchant_api,109.18,dev_080442,3,2,0
4729,768,2138334,1668300,8,bank_app,26.77,dev_813963,0,0,0
4730,768,3618818,3421844,5,web,7.43,dev_011130,2,0,0
4731,768,3310664,3619056,2,wallet,52.32,dev_039604,2,2,0
4732,769,1919942,2269249,4,web,68.2,dev_484050,2,2,0
4733,769,568920,3621218,5,merchant_api,100.79,dev_132162,0,2,0
4734,769,3620610,1765514,6,wallet,84.2,dev_396095,0,0,0
4735,769,2228729,3619968,4,web,194.6,dev_640231,0,2,0
4736,769,125012,1780121,5,merchant_api,42.86,dev_331660,0,3,0
4737,769,1167426,3620712,6,wallet,32.65,dev_083356,0,0,0
4738,769,1069257,3568009,5,merchant_api,7.05,dev_341630,0,2,0
4739,769,2295286,2565380,5,merchant_api,32.37,dev_895175,2,2,0
4740,769,2040516,1463931,5,merchant_api,14.92,dev_111177,2,0,0
4741,769,3604617,635618,4,web,40.87,dev_971011,2,3,0
4742,769,2609896,3620389,5,merchant_api,25.77,dev_443258,0,2,0
4743,770,1528825,3173695,4,merchant_api,51.65,dev_068387,0,2,0
4744,770,2568797,3622353,5,wallet,22.47,dev_507120,2,2,0
4745,771,3623484,2035582,3,merchant_api,72.35,dev_848197,2,2,0
4746,771,552777,3623843,4,wallet,2.91,dev_610273,3,0,0
4747,771,784320,1537527,4,wallet,40.08,dev_285170,3,2,0
4748,771,3623392,2667235,6,qr_pay,78.43,dev_922820,0,2,0
4749,771,219173,2303679,5,bank_app,132.03,dev_548465,0,2,0
4750,771,1561783,3430487,6,qr_pay,51.36,dev_297729,0,2,0
4751,771,3443129,3568869,5,bank_app,111.76,dev_785192,2,2,0
4752,772,3178411,3362876,4,bank_app,39.33,dev_223985,0,2,0
4753,772,3624850,3283851,5,qr_pay,24.6,dev_148135,2,2,0
4754,773,1281646,2802416,4,qr_pay,54.41,dev_295469,3,2,0
4755,773,72343,1485080,6,merchant_api,26.5,dev_342755,3,2,0
4756,773,2864316,3626044,1,merchant_api,13.14,dev_068134,0,2,0
4757,773,2094677,1560826,5,web,15.43,dev_281217,0,0,0
4758,774,270815,1957733,6,wallet,9.77,dev_458801,0,1,1
4759,774,1064766,985844,5,merchant_api,39.47,dev_989082,3,3,0
4760,774,3627758,3627720,1,wallet,26.85,dev_778225,0,0,0
4761,774,873659,2575255,4,web,24.43,dev_183945,3,2,0
4762,774,939885,3627175,1,wallet,15.96,dev_742587,0,2,0
4763,774,3627077,457715,5,merchant_api,38.65,dev_881993,0,3,0
4764,774,3581925,749092,5,merchant_api,49.52,dev_049317,2,0,0
4765,774,3627654,3178801,6,wallet,9.61,dev_579235,0,2,0
4766,774,3153848,3626666,10,merchant_api,7.7,dev_390320,2,2,0
4767,774,3627146,3622322,1,wallet,62.74,dev_507729,2,2,0
4768,775,1150468,3628678,1,bank_app,7.71,dev_157419,3,0,0
4769,775,3627998,3407045,1,bank_app,43.5,dev_308649,3,2,0
4770,775,1937900,761608,5,wallet,105.13,dev_833688,0,0,0
4771,775,2262770,1736548,5,wallet,105.35,dev_884635,0,0,0
4772,775,1862253,156081,6,bank_app,51.63,dev_693146,0,3,0
4773,775,2631697,3628406,6,bank_app,50.3,dev_748949,0,2,0
4774,775,783886,2774993,5,wallet,186.18,dev_149748,0,0,0
4775,776,3628976,3629586,6,qr_pay,3.25,dev_566302,2,2,0
4776,776,2429112,2387496,4,wallet,22.24,dev_727366,2,0,0
4777,776,3629277,1622817,6,qr_pay,57.03,dev_779732,2,3,0
4778,776,361174,196060,5,bank_app,18.11,dev_365847,0,2,0
4779,776,491097,140596,5,bank_app,74.87,dev_072221,0,3,0
4780,776,651582,3629238,4,wallet,32.61,dev_195099,0,2,0
4781,777,2264031,2273152,5,qr_pay,27.62,dev_426093,2,2,0
4782,777,1898875,320211,5,qr_pay,19.16,dev_080986,0,3,0
4783,777,66052,3630518,5,qr_pay,15.33,dev_822001,0,3,0
4784,777,3156701,533858,5,qr_pay,14.99,dev_348935,0,3,0
4785,777,3328274,2894544,1,web,33.92,dev_039326,0,2,0
4786,777,469263,3404395,6,web,13.24,dev_321847,0,2,0
4787,778,159091,3632086,4,qr_pay,79.67,dev_708178,3,3,0
4788,778,3632659,2934017,6,merchant_api,47.84,dev_466497,2,2,0
4789,778,390304,3632422,5,web,65.99,dev_755762,0,0,0
4790,779,2121846,1129947,5,merchant_api,8.88,dev_250907,0,2,0
4791,779,3633619,1634018,3,qr_pay,6.76,dev_028564,2,3,0
4792,779,3630558,3633790,2,bank_app,28.68,dev_411733,2,2,0
4793,779,1048751,1125204,1,wallet,361.02,dev_143165,0,0,0
4794,779,3630241,121101,5,merchant_api,76.68,dev_949853,0,0,0
4795,780,3635094,2251255,1,bank_app,16.14,dev_055567,2,0,0
4796,780,1603911,3635018,4,merchant_api,49.5,dev_466882,0,2,0
4797,780,3634984,3633780,3,web,60.03,dev_897794,2,2,0
4798,780,3634675,3135106,5,wallet,7.16,dev_530351,2,2,0
4799,781,3635682,1237046,4,wallet,115.89,dev_700765,2,3,0
4800,781,1255852,3635585,5,bank_app,21.1,dev_520808,0,2,0
4801,781,449724,3635940,6,qr_pay,24.49,dev_053081,0,2,0
4802,781,3636355,2834536,5,bank_app,25.06,dev_911435,2,0,0
4803,782,3631389,2628823,4,bank_app,94.64,dev_814762,2,2,0
4804,782,271954,3637842,6,web,13.47,dev_592491,0,2,0
4805,782,615980,1867401,8,wallet,6.71,dev_765178,0,0,0
4806,782,1727479,3636629,4,bank_app,45.18,dev_852010,0,2,0
4807,783,3635643,972025,6,merchant_api,4.22,dev_943682,0,2,0
4808,783,3638954,1465692,6,merchant_api,20.27,dev_062298,2,0,0
4809,783,1981263,297474,5,web,71.39,dev_299312,0,2,0
4810,783,1446412,2013073,3,bank_app,52.52,dev_072720,0,0,0
4811,783,2114783,3639002,4,qr_pay,86.33,dev_039691,0,2,0
4812,784,3639641,514541,2,bank_app,50.32,dev_351739,3,0,0
4813,784,3639686,1613150,6,wallet,232.6,dev_672185,2,0,0
4814,784,3640725,1165875,5,merchant_api,14.45,dev_791758,2,3,0
4815,784,3638245,730368,5,merchant_api,35.1,dev_379035,2,3,0
4816,784,3639439,407316,5,merchant_api,16.54,dev_908991,0,0,0
4817,785,3641219,870878,5,wallet,58.04,dev_211332,0,0,0
4818,785,294783,1236411,4,merchant_api,31.96,dev_268959,3,2,0
4819,785,3641696,3320444,2,qr_pay,135.23,dev_275700,2,0,0
4820,785,737529,1776464,5,wallet,15.21,dev_418126,2,0,0
4821,785,3040264,2581362,1,bank_app,94.29,dev_450047,3,2,0
4822,785,3641423,3356510,8,web,53.19,dev_578356,2,3,0
4823,785,2653225,1600161,8,web,30.29,dev_170347,0,3,0
4824,785,2985833,3641051,4,merchant_api,55.05,dev_884084,2,2,0
4825,786,358645,1942678,6,qr_pay,33.62,dev_467301,3,2,0
4826,786,3642752,918113,4,wallet,46.54,dev_042325,2,0,0
4827,786,1355810,2056774,4,wallet,28.05,dev_615449,3,2,0
4828,786,218124,3135362,5,bank_app,13.05,dev_093792,3,3,0
4829,787,789378,1924319,5,qr_pay,18.15,dev_201324,3,2,0
4830,787,3643320,2924416,5,qr_pay,5.39,dev_424617,0,2,0
4831,787,517465,585990,4,bank_app,72.08,dev_238582,3,0,0
4832,787,643159,3607459,5,qr_pay,8.07,dev_825722,0,0,0
4833,787,3367999,2582189,1,web,21.85,dev_382857,0,2,0
4834,787,3643934,3178490,4,bank_app,60.54,dev_559920,2,0,0
4835,788,2271411,407583,1,merchant_api,56.57,dev_607115,2,2,0
4836,788,3644765,1759902,6,merchant_api,5.38,dev_843608,0,2,0
4837,788,3644707,808124,5,web,22.59,dev_030437,2,0,0
4838,788,3644877,3235108,6,merchant_api,40.2,dev_637983,0,2,0
4839,788,2331170,975284,4,qr_pay,35.4,dev_471825,0,0,0
4840,789,1623476,414793,6,wallet,89.09,dev_175255,0,3,0
4841,789,3646582,3161850,6,wallet,12.68,dev_072740,2,2,0
4842,789,3646603,3631000,4,web,5.34,dev_190552,2,2,0
4843,789,3645778,296766,6,wallet,55.11,dev_028002,2,3,0
4844,789,43852,927202,5,merchant_api,15.13,dev_192702,0,3,0
4845,790,3647906,3563175,5,wallet,5.04,dev_024576,2,2,0
4846,790,3645946,800804,5,wallet,21.27,dev_887467,2,3,0
4847,790,3647029,2434203,1,bank_app,80.44,dev_071398,3,0,0
4848,790,3647653,495794,5,wallet,7.87,dev_185734,2,0,0
4849,791,2191666,2226502,1,qr_pay,217.54,dev_913809,0,2,0
4850,791,3115183,3648503,7,web,13.54,dev_272090,2,2,0
4851,791,3648919,1699321,4,wallet,36.54,dev_963475,0,3,0
4852,791,3648407,1298282,5,bank_app,8.19,dev_373153,2,3,0
4853,791,235235,3648555,6,qr_pay,27.59,dev_904138,0,2,0
4854,792,3650272,1566631,5,qr_pay,21.75,dev_696848,2,0,0
4855,792,1196975,3650032,5,qr_pay,6.42,dev_650417,0,2,0
4856,793,1099867,2315983,5,web,312.08,dev_598393,3,2,0
4857,793,2983684,782898,4,qr_pay,21.63,dev_052742,2,0,0
4858,793,987075,2889874,5,web,15.72,dev_194807,0,0,0
4859,793,3651239,1012701,8,bank_app,74.6,dev_813883,0,0,0
4860,793,1653475,2864315,4,qr_pay,172.92,dev_615679,0,2,0
4861,794,3652586,416846,6,wallet,73.24,dev_097763,0,0,0
4862,794,182411,158910,6,wallet,9.02,dev_523937,0,0,0
4863,794,3256501,3651667,5,merchant_api,29.74,dev_401014,2,2,0
4864,794,3386982,2124534,5,merchant_api,4.51,dev_809914,3,0,0
4865,794,3651427,1068773,5,merchant_api,55.23,dev_240527,2,3,0
4866,795,818465,800172,4,merchant_api,7.75,dev_195892,0,3,0
4867,795,3650411,1072586,4,merchant_api,16.4,dev_748949,0,0,0
4868,795,2242341,461632,6,bank_app,26.5,dev_271389,2,3,0
4869,795,2312359,3653514,4,merchant_api,50.43,dev_193646,0,2,0
4870,795,2700002,870698,4,merchant_api,26.71,dev_254858,0,3,0
4871,795,1744180,3084752,8,web,122.39,dev_963075,3,2,0
4872,796,1107140,3274999,5,bank_app,47.04,dev_856938,0,2,0
4873,796,3645794,3644479,5,bank_app,43.83,dev_724598,2,2,0
4874,796,3655354,709505,6,qr_pay,8.79,dev_412109,2,3,0
4875,796,3654578,977193,6,qr_pay,122.66,dev_834635,0,0,0
4876,796,2419136,3655282,3,merchant_api,15.14,dev_114966,0,2,0
4877,796,1038993,3610434,5,bank_app,117.19,dev_846864,3,2,0
4878,796,787196,94601,5,bank_app,151.41,dev_655828,0,3,0
4879,796,2755539,1333353,5,bank_app,38.92,dev_589304,0,2,0
4880,796,1355312,2077021,5,bank_app,62.1,dev_093472,3,0,0
4881,797,3657063,1505405,3,wallet,1.95,dev_334206,2,0,0
4882,797,842244,3656681,3,wallet,26.17,dev_565018,1,2,1
4883,797,1041265,3634192,1,web,71.66,dev_624516,3,2,0
4884,797,3655827,2051093,5,qr_pay,56.38,dev_338361,2,0,0
4885,798,433047,3658573,5,web,8.18,dev_646735,3,2,0
4886,798,3658131,3658104,4,qr_pay,25.94,dev_573388,2,2,0
4887,798,3657524,422945,6,merchant_api,2.71,dev_021923,2,3,0
4888,798,2764320,3657762,10,web,35.58,dev_162831,2,2,0
4889,798,3195488,3657793,1,merchant_api,4.88,dev_780751,2,3,0
4890,798,3115998,3657658,10,web,67.86,dev_031739,2,2,0
4891,798,1935602,517282,5,web,71.13,dev_649807,0,2,0
4892,798,3301731,3685639,9,qr_pay,22.04,dev_550626,2,2,0
4893,798,1308470,3273841,1,merchant_api,42.48,dev_967920,3,2,0
4894,798,269088,2796316,4,qr_pay,27.79,dev_072085,0,0,0
4895,799,3172307,3659608,3,qr_pay,38.77,dev_031158,2,2,0
4896,799,2809181,3658877,4,web,12.03,dev_194909,3,2,0
4897,799,3659882,83196,1,wallet,46.54,dev_451877,2,2,0
4898,799,3659325,2501910,8,qr_pay,7.12,dev_858522,2,0,0
4899,799,3659846,709004,4,web,6.51,dev_566872,0,0,0
4900,799,1792717,3591845,4,web,30.27,dev_018782,0,0,0
4901,800,3264032,3615709,4,merchant_api,27.94,dev_405081,2,2,0
4902,800,3658586,2443331,2,qr_pay,36.78,dev_541555,2,0,0
4903,800,2603478,714958,5,wallet,13.67,dev_361997,2,3,0
4904,800,978432,3661168,4,merchant_api,184.4,dev_251494,0,3,0
4905,800,3116902,1391876,4,merchant_api,39.04,dev_313354,2,2,0
4906,800,3366821,3661383,1,bank_app,32.77,dev_393369,3,0,0
4907,800,2178210,1569418,5,wallet,29.3,dev_833835,2,2,0
4908,801,1280813,9785,6,qr_pay,65.54,dev_299909,0,0,0
4909,801,3557752,3089895,4,wallet,56.74,dev_419985,2,2,0
4910,801,3348259,2738703,5,bank_app,36.52,dev_611093,2,2,0
4911,801,198314,200034,5,bank_app,47.58,dev_976401,3,3,0
4912,801,807146,1244602,5,bank_app,4.75,dev_754289,0,0,0
4913,802,3659902,3664513,4,bank_app,6.77,dev_086507,2,2,0
4914,802,187636,3664420,5,qr_pay,22.91,dev_013148,0,3,0
4915,802,1266005,245106,2,merchant_api,24.1,dev_248119,3,0,0
4916,802,3664271,858981,5,qr_pay,41.34,dev_729088,3,3,0
4917,802,1140505,3645602,6,web,27.06,dev_097754,0,2,0
4918,802,347882,3235342,4,bank_app,57.04,dev_094148,0,2,0
4919,802,1990354,1700934,5,qr_pay,8.0,dev_182113,0,3,0
4920,802,868584,1161951,1,web,26.32,dev_638528,0,3,0
4921,802,3043153,3694825,1,web,7.95,dev_657108,2,2,0
4922,802,3420695,1605334,4,bank_app,47.85,dev_506637,3,3,0
4923,802,3466472,3664048,1,web,4.9,dev_380600,0,2,0
4924,803,3666051,485869,5,web,33.56,dev_804687,0,0,0
4925,803,205690,140031,6,merchant_api,7.08,dev_490030,3,0,0
4926,803,3657097,797803,8,bank_app,22.08,dev_093625,2,2,0
4927,803,3165532,3534040,8,bank_app,69.79,dev_066850,2,0,0
4928,803,389826,1822360,5,web,30.1,dev_622099,0,3,0
4929,804,1186904,421930,5,merchant_api,5.58,dev_520945,3,0,0
4930,805,3668212,1551384,5,wallet,13.39,dev_232499,0,3,0
4931,805,3509726,3667812,5,wallet,6.35,dev_766463,0,2,0
4932,805,3617769,3668043,8,web,6.79,dev_838442,2,0,0
4933,805,281706,2604472,6,bank_app,29.54,dev_762227,3,0,0
4934,806,3618400,3668543,5,bank_app,40.62,dev_734760,0,0,0
4935,806,3668287,637347,5,bank_app,36.47,dev_788362,2,3,0
4936,806,3668612,2886558,8,merchant_api,53.64,dev_607160,2,3,0
4937,807,1457526,1316748,4,bank_app,33.42,dev_315923,0,2,0
4938,807,2258168,2172840,5,qr_pay,19.18,dev_928275,2,2,0
4939,807,3014432,2116523,3,wallet,11.87,dev_858286,2,1,1
4940,807,271003,3669252,5,qr_pay,16.51,dev_332204,0,2,0
4941,807,3138910,530822,4,bank_app,10.29,dev_962281,2,0,0
4942,807,581154,3222908,5,qr_pay,11.47,dev_872293,3,3,0
4943,807,3220070,3669123,5,qr_pay,26.58,dev_302508,3,2,0
4944,807,708535,3669592,6,web,23.9,dev_796194,2,2,0
4945,808,369390,3670127,3,bank_app,491.89,dev_725898,0,0,0
4946,808,1205197,3670304,4,qr_pay,10.06,dev_915725,3,2,0
4947,808,3669819,1630491,8,bank_app,27.87,dev_910097,2,2,0
4948,809,1464317,3670775,8,qr_pay,8.66,dev_672293,0,3,0
4949,809,1787683,3670654,11,wallet,18.75,dev_227208,0,2,0
4950,810,60728,3671900,6,bank_app,19.45,dev_054928,3,2,0
4951,810,1592789,3671964,1,bank_app,56.85,dev_033188,2,2,0
4952,811,3672407,159601,5,bank_app,16.37,dev_395172,2,0,0
4953,811,487585,354746,4,wallet,28.44,dev_036968,3,0,0
4954,811,3449300,180848,4,wallet,22.94,dev_739890,2,0,0
4955,811,1632702,3522157,6,qr_pay,7.53,dev_993816,3,2,0
4956,811,1334245,2753040,5,bank_app,13.64,dev_080875,3,3,0
4957,811,1218876,2732618,6,qr_pay,18.85,dev_683904,3,0,0
4958,812,609812,3673242,4,bank_app,36.11,dev_078626,0,2,0
4959,812,3673794,3429899,4,bank_app,55.87,dev_903195,2,2,0
4960,812,3212315,1621747,6,web,21.52,dev_698211,0,3,0
4961,812,1032013,883116,5,qr_pay,19.55,dev_080115,0,3,0
4962,812,3668686,2057566,6,web,5.65,dev_799672,2,0,0
4963,812,2792898,706437,5,qr_pay,39.88,dev_818726,0,2,0
4964,813,2423409,3675515,6,merchant_api,14.21,dev_255792,2,2,0
4965,813,3674867,3636619,6,merchant_api,52.06,dev_869532,2,2,0
4966,813,391231,253459,6,merchant_api,86.9,dev_407273,0,0,0
4967,813,3674382,2958121,6,merchant_api,22.44,dev_291509,2,0,0
4968,813,44539,2337058,5,web,9.77,dev_886025,0,2,0
4969,814,2890038,3484831,5,merchant_api,24.17,dev_802614,0,2,0
4970,814,57383,3516451,5,merchant_api,33.58,dev_545528,0,2,0
4971,814,1321733,1555829,4,web,25.43,dev_349854,2,3,0
4972,814,3676468,1345234,5,merchant_api,14.77,dev_962117,2,0,0
4973,814,2059879,3525376,6,wallet,44.13,dev_352448,0,0,0
4974,814,75672,3062344,5,merchant_api,38.39,dev_342964,0,2,0
4975,815,3677522,2467246,5,wallet,17.96,dev_776558,2,0,0
4976,815,1392247,1459903,6,bank_app,6.0,dev_819970,3,3,0
4977,815,3677481,1346997,5,wallet,36.99,dev_593772,3,3,0
4978,815,1695856,3677664,4,merchant_api,16.94,dev_986335,2,2,0
4979,815,2300948,1244628,5,wallet,29.75,dev_045727,0,0,0
4980,816,1188316,1905222,5,bank_app,28.11,dev_441819,0,0,0
4981,816,3674127,3677781,1,qr_pay,4.85,dev_104748,0,2,0
4982,816,2045455,2669517,6,qr_pay,28.59,dev_255099,0,2,0
4983,817,3679294,2542272,4,bank_app,53.68,dev_905467,2,3,0
4984,817,3295317,3679166,1,web,47.15,dev_761388,2,2,0
4985,817,3678898,969664,5,qr_pay,27.27,dev_488008,2,2,0
4986,817,2864135,1879484,5,qr_pay,4.14,dev_674989,2,0,0
4987,818,2000953,3697691,4,qr_pay,106.63,dev_473516,3,2,0
4988,818,2535724,3680039,5,web,35.51,dev_952352,2,2,0
4989,818,1102515,1520842,6,merchant_api,9.0,dev_160940,0,2,0
4990,819,951811,2045153,8,qr_pay,15.35,dev_843535,3,0,0
4991,819,2082580,688996,5,merchant_api,30.21,dev_084486,1,0,1
4992,819,3681610,2536588,3,qr_pay,57.5,dev_941487,2,0,0
4993,819,1691063,890204,6,wallet,17.13,dev_072394,3,3,0
4994,819,1944240,3681831,5,merchant_api,51.57,dev_141521,3,2,0
4995,821,1486540,1283717,6,qr_pay,5.29,dev_586710,0,3,0
4996,821,1859036,1951688,5,bank_app,9.6,dev_241002,0,2,0
4997,821,989143,3683929,1,qr_pay,4.15,dev_597363,0,2,0
4998,821,3683449,2035481,1,qr_pay,11.85,dev_826074,2,2,0
4999,821,1964027,2546334,5,bank_app,95.32,dev_960022,0,2,0
